h0dn_row_1based	official_row_1based	CID	IDSURVEY	source_directory	SURVEY	path	git_blob_sha1	bytes	sha256	NOBS	observation_line_count
5	347	2007qe	57	KAIT_DS15	KAITM	Pantheon+_Data/1_DATA/photometry/KAIT_DS15/SN_2007qe.dat	f7eaebbaf10b58734472cb7ee43d6de827642a2d	3105	24e8622db9beb4a90f3899671ad0b27c83f8f26682f8c750fd03ff13c7d17d3d	49	49
14	360	2007F	51	LOSS	KAIT	Pantheon+_Data/1_DATA/photometry/LOSS/2007F.dat	88e94449a4396263e16e189974be615ebb3f116c	5302	412d1cd63791eba00f7c8ba16bfc9b372ae69b6cb96478f21206cc6dfe523c8d	100	100
16	364	2006ac	57	KAIT_DS15	KAITM	Pantheon+_Data/1_DATA/photometry/KAIT_DS15/SN_2006ac.dat	7fbc6597d2b71bc145b0dcd43fa6930cfd1649d9	2127	b229f1899d532fc34fa048af70b4038889857f11fcd11e0a10c1712d84c525f5	31	31
21	369	2009D	51	LOSS	KAIT	Pantheon+_Data/1_DATA/photometry/LOSS/2009D.dat	d410c0ffcb325d7cfed7cca49989b7632c99368f	981	94b4d2a23ed1247d948fbba939d47cf6bd06f21ed7cf2ba5519af53dda1bc1ef	11	11
22	370	2009D	65	PS1_LOWZ_COMBINED_TEXT_DS17	PS1_LOWZ_COMBINED(CFA4p1)	Pantheon+_Data/1_DATA/photometry/PS1_LOWZ_COMBINED_TEXT_DS17/CFA4_p1_2009D.dat	dcf7c0969e7895ccb080a1390789f89d2dcb0d6f	5986	d322808ae851b39b26fbdac0ebcd8cc99f2414d84ea8b8241655fd48ce666a54	68	68
31	384	2007cq	57	KAIT_DS15	KAITM	Pantheon+_Data/1_DATA/photometry/KAIT_DS15/SN_2007cq.dat	80d28ec74388895abfff9a8d7a4972e811eb1bf9	5296	a7d8b2cd14e2acb71248eb00e3318bdac6dbfd70c5d53dde8b4c7a5690ac3f09	91	91
40	402	2005M	57	KAIT_DS15	KAITM	Pantheon+_Data/1_DATA/photometry/KAIT_DS15/SN_2005M.dat	8d873465ab0ae430fa7d48c12c6130dfa4ca336a	4672	534f4ed04e70f3131621d5e37e64a8818b5515be3f6914121d1fffb011bb3395	79	79
46	411	1999gp	57	KAIT_DS15	KAITM	Pantheon+_Data/1_DATA/photometry/KAIT_DS15/SN_1999gp.dat	5f0fbd91ed545b5a4cdccfa45c1622f639674b61	5132	fa5e2538b4d11aa23dd268fe84f8639d13ac3a0855489a96cfe6e8eebcb99ed8	87	87
50	417	2007co	57	KAIT_DS15	KAITM	Pantheon+_Data/1_DATA/photometry/KAIT_DS15/SN_2007co.dat	08c6a18ece30094b347131c147befe06fa51e605	5456	084e60debe6378c609303082f34b240ea9182528fb7926178cb675e7e56bd764	94	94
56	425	2005na	57	KAIT_DS15	KAITM	Pantheon+_Data/1_DATA/photometry/KAIT_DS15/SN_2005na.dat	016555e5be926a21d0b715eb6529fc0ef6395791	4096	69ad8e36ec1110d405d7ff3cb26252630429a1965d395d8ef2259d95c2a5f907	68	68
61	433	2005eq	57	KAIT_DS15	KAITM	Pantheon+_Data/1_DATA/photometry/KAIT_DS15/SN_2005eq.dat	a1612ac2da177336cb1a4bc4e911aaf513614c14	5109	64091096b926b5b61414772ac2d660e90c18a82e1255c2392e5261e4cdc680a7	87	87
64	437	2009ad	65	PS1_LOWZ_COMBINED_TEXT_DS17	PS1_LOWZ_COMBINED(CFA4p1)	Pantheon+_Data/1_DATA/photometry/PS1_LOWZ_COMBINED_TEXT_DS17/CFA4_p1_2009ad.dat	428cf70ad657f58a5f77b41f644786985c5e8cbd	6454	a515257adb02f179083084cea0e29040c74a780b56bcf10eb27242c8fcd4d6b4	74	74
66	440	2008ar	57	KAIT_DS15	KAITM	Pantheon+_Data/1_DATA/photometry/KAIT_DS15/SN_2008ar.dat	be2d8a918bec2cd231fac0ac0545b031f796e13d	4288	fd2e2802c87a7e0d4a5866a1d24bf1e2f6b6abb2b7287cb908d28e29aad6e97d	72	72
68	442	2008ar	65	PS1_LOWZ_COMBINED_TEXT_DS17	PS1_LOWZ_COMBINED(CFA4p1)	Pantheon+_Data/1_DATA/photometry/PS1_LOWZ_COMBINED_TEXT_DS17/CFA4_p1_2008ar.dat	d2375ad89833406e381a6ad36842d899de095b1a	8849	5065173479c404ef30c5b6ece2ba6b499a756e6f7254c5cb5448a082cf84e87c	104	104
81	469	2004ef	57	KAIT_DS15	KAITM	Pantheon+_Data/1_DATA/photometry/KAIT_DS15/SN_2004ef.dat	aa2a872349749bef0154f9472a5ffa24364be06e	5610	1000484b48312b678a9a28f87684ba462b66bdb9a4ff82125c512c3e4e928ee0	97	97
87	487	2008gg	51	LOSS	KAIT	Pantheon+_Data/1_DATA/photometry/LOSS/2008gg.dat	830e32c3558f75dc0d2b007128d737675cea0a21	3118	cc0b336e64e6fa1275bc4896395362739a2597a22dbfc8f6541695906bd1e7de	55	55
90	492	2007bd	51	LOSS	KAIT	Pantheon+_Data/1_DATA/photometry/LOSS/2007bd.dat	82833cd14394b26f5a3d435a959cc6c88399ff80	1422	010b2f23b608810ba08bd27471c1b1e93fd8b975914ac7c2791860874ddaa0b9	20	20
97	504	2006en	57	KAIT_DS15	KAITM	Pantheon+_Data/1_DATA/photometry/KAIT_DS15/SN_2006en.dat	c43989d94f68784a9ffa1e0147a8cee6d73c73d2	3916	1515dc106bcc57cdb447041886b52a12b7e6ff3319fedbac8574de67c0811795	65	65
109	523	2004as	57	KAIT_DS15	KAITM	Pantheon+_Data/1_DATA/photometry/KAIT_DS15/SN_2004as.dat	94ede1ff4fb91e3eb8cc68dc37bdc029dcbe4cf6	5314	6779ee5195cad306d9a526bb0358a89c34af608c9433fa24bba58f57854dafd1	91	91
120	537	2006gr	57	KAIT_DS15	KAITM	Pantheon+_Data/1_DATA/photometry/KAIT_DS15/SN_2006gr.dat	70793df9c25eba03baf21bbb0daae09a94e369e4	4285	f7a151b949f816b775cfc53f74445f07cf2ef27718265776a9173b0fa30879b9	72	72
136	562	2008hj	65	PS1_LOWZ_COMBINED_TEXT_DS17	PS1_LOWZ_COMBINED(CFA4p1)	Pantheon+_Data/1_DATA/photometry/PS1_LOWZ_COMBINED_TEXT_DS17/CFA4_p1_2008hj.dat	83694c046aac050a5b3e6a2163b251c5edf4a9f5	1836	6cdc0d9c7143c4b1200f05ac67f8495f1e97e190717e3a77093741eccbe79813	16	16
139	570	2001eh	57	KAIT_DS15	KAITM	Pantheon+_Data/1_DATA/photometry/KAIT_DS15/SN_2001eh.dat	a4f64a002eebe4eaf6aab065f01526ffce15c27f	6651	6031f5d66ae3d96813e40f6859954fb20378b377fb865190028450205fa96110	116	116
144	575	2007jg	51	LOSS	KAIT	Pantheon+_Data/1_DATA/photometry/LOSS/2007jg.dat	bd79fe8cd803b74695337afb45144a4a86743273	3805	c6ddb2607f3046aaf407175e44b5031e4f9abc464e934532c8c1105abc9e3320	69	69
147	580	2007O	57	KAIT_DS15	KAITM	Pantheon+_Data/1_DATA/photometry/KAIT_DS15/SN_2007O.dat	7c9404d8fa9f3e0d371774d84bf4711929d5b27f	2271	0f1bd4f2303fc52ce27c4a7050b64c01dc6e45cf0c8938f315c49dfd8ee829bf	34	34
155	593	2003fa	57	KAIT_DS15	KAITM	Pantheon+_Data/1_DATA/photometry/KAIT_DS15/SN_2003fa.dat	575d235da3a9d3c600c0a506414bd1793939c91f	8404	f059869260875230ad311c0d996e4a979678f520b89cf911885f24634de1b0f2	150	150
163	605	2007kk	51	LOSS	KAIT	Pantheon+_Data/1_DATA/photometry/LOSS/2007kk.dat	d7466bd3efa6bf78e476ba3d0839bbf67bd464fe	4576	0f7fb8dd02c00e6edc4405dbb63fbd88af750ea9539557d7604efdc02e0b2423	85	85
164	606	2007kk	65	PS1_LOWZ_COMBINED_TEXT_DS17	PS1_LOWZ_COMBINED(CFA4p1)	Pantheon+_Data/1_DATA/photometry/PS1_LOWZ_COMBINED_TEXT_DS17/CFA4_p1_2007kk.dat	eac72482e9ae4b09fd0a8f5cc5a43923e5b96f65	10356	53b76c370e2be537574982b2628dfd1dcb4d0bc96124d472da6bfc3f1ebad4a2	123	123
178	631	2008cf	65	PS1_LOWZ_COMBINED_TEXT_DS17	PS1_LOWZ_COMBINED(CFA4p1)	Pantheon+_Data/1_DATA/photometry/PS1_LOWZ_COMBINED_TEXT_DS17/CFA4_p1_2008cf.dat	c31ac48a1b3613f762e8a2a4109dfd5361ec704c	3024	f7513ddc199641fab4b0ad65d9c1f446d1094a4e9efaa2580cdaecd075fe068c	31	31
205	681	2008bz	65	PS1_LOWZ_COMBINED_TEXT_DS17	PS1_LOWZ_COMBINED(CFA4p1)	Pantheon+_Data/1_DATA/photometry/PS1_LOWZ_COMBINED_TEXT_DS17/CFA4_p1_2008bz.dat	4f39b2e479a9faded7a72324bdcbe9a6251368ed	3971	df4ba44e7f7b064fe577674a33d2f57cfb64e8116f548bf0451372e221f3d5e2	43	43
213	699	2008Y	51	LOSS	KAIT	Pantheon+_Data/1_DATA/photometry/LOSS/2008Y.dat	4cae28aec074f330b75f6b840e40d65b1930b8b2	1500	bc6ef8fb1b8c5652dbb1962e60610d9c6648d7c4451583605f03b6529a8c6257	22	22
214	700	2008Y	65	PS1_LOWZ_COMBINED_TEXT_DS17	PS1_LOWZ_COMBINED(CFA4p1)	Pantheon+_Data/1_DATA/photometry/PS1_LOWZ_COMBINED_TEXT_DS17/CFA4_p1_2008Y.dat	9bc7b316f4b499c971368a2fb581f3488a7abb74	5797	3eef31c4cf82481e0fc7d8424b35a90ce5349b81de212bedcb8f9e8e348b3bd9	66	66
