evidence_id	season	master_member	nested_member	evidence_role	used_for
EV-F001	FIRST	01_FIRST_SEASON_SCIENTIFIC_SUMMARY_JA.md		Season scientific summary	First-season map and bounded conclusions
EV-F002	FIRST	03_BRANCH_STATUS_LEDGER.tsv		Formal branch states	All first-season branch status relations
EV-F003	FIRST	04_CLAIM_AND_NONCLAIM_LEDGER.tsv		Formal claim ledger	FS-C001 through FS-C020
EV-F004	FIRST	05_KEY_NUMERICAL_RESULTS.tsv		Season key numbers	H0DN; BAO; TDCOSMO values
EV-F005	FIRST	08_CROSS_SEASON_COMPARISON_INTERFACE_JA.md		Non-retroactive anchors	FS-X01 through FS-X07
EV-F006	FIRST	10_ARCHIVE_INTEGRITY_AND_LIMITATIONS_JA.md		Archive integrity boundary	365 ZIP CRC and one visible sidecar mismatch
EV-F007	FIRST	canonical_reference_packages/HTV_HTS_INTEGRATED_STATUS_AUDIT_PACKAGE.zip	HTV_HTS_INTEGRATED_STATUS_AUDIT_PACKAGE/HTV_HTS_INTEGRATED_STATUS_AUDIT.md	Dated integrated audit	Dependency map; status chronology; repeated-source warnings
EV-F008	FIRST	canonical_reference_packages/HTV_HTS_INTEGRATED_STATUS_AUDIT_PACKAGE.zip	HTV_HTS_INTEGRATED_STATUS_AUDIT_PACKAGE/HTV_HTS_ISSUE_AND_DEPENDENCY_REGISTER.tsv	Issue and dependency register	Temporal supersession and source overlap
EV-F009	FIRST	canonical_reference_packages/cross_season_bridge_evidence/HTV29_RESULTS_FOR_REVIEW.zip	HTV29_RESULTS_FOR_REVIEW/01_HTV29_EXECUTION_REPORT.md	BBC algebraic localization	FS-C004 and BBC qualification
EV-F010	FIRST	canonical_reference_packages/cross_season_bridge_evidence/HTV29_RESULTS_FOR_REVIEW.zip	HTV29_RESULTS_FOR_REVIEW/10_MACHINE_READABLE_RESULTS.json	BBC numerical results	Slope closure and boundaries
EV-F011	FIRST	canonical_reference_packages/cross_season_bridge_evidence/HTV114_CORR1_RESULTS_FOR_REVIEW.zip	HTV114_CORR1_RESULTS_FOR_REVIEW/14_MACHINE_READABLE_RESULTS.json	H0DN first-season baseline	Baseline; rank; cutoff stability; covariance diagnostics
EV-F012	FIRST	canonical_reference_packages/cross_season_bridge_evidence/HTV114_CORR1_REVIEW_REPORT.md		HTV114 accepted reading	Fixed representation numerical stability and scope
EV-F013	FIRST	canonical_reference_packages/cross_season_bridge_evidence/HTV136_RESULTS_FOR_REVIEW_CORR1.zip	HTV136_RESULTS_FOR_REVIEW/01_GLOBAL_BRANCH_REGISTRY.tsv	Re-entry registry	GWTC; BBC; DESI; MCP; PV; lensed SN triggers
EV-F014	FIRST	canonical_reference_packages/TDCOSMO_ALTERNATE_IMPLEMENTATION_BRANCH_CLOSEOUT_PACKAGE.zip	TDCOSMO_ALTERNATE_IMPLEMENTATION_BRANCH_CLOSEOUT_PACKAGE/00_CLOSEOUT/BRANCH_CLOSEOUT_STATEMENT.md	TDCOSMO closeout	13/13; 39/39; 12/12 output traceability
EV-F015	FIRST	canonical_reference_packages/TDCOSMO_ALTERNATE_IMPLEMENTATION_BRANCH_CLOSEOUT_PACKAGE.zip	TDCOSMO_ALTERNATE_IMPLEMENTATION_BRANCH_CLOSEOUT_PACKAGE/00_CLOSEOUT/CLAIM_AND_SCOPE_BOUNDARY.md	TDCOSMO boundary	No likelihood; sampler; external replication; corrected H0
EV-S001	SECOND	01_SECOND_SEASON_SCIENTIFIC_SUMMARY_JA.md		Season scientific summary	Second-season branch synthesis
EV-S002	SECOND	02_BRANCH_STATUS_REGISTRY.tsv		Formal branch states	B01; B02; B03A; B03B
EV-S003	SECOND	03_CLAIM_AND_NONCLAIM_LEDGER.tsv		Formal top-level claims	B01-C01 through N-04
EV-S004	SECOND	04_KEY_NUMERICAL_RESULTS.tsv		Season key numbers	GWTC; H0DN; SN values
EV-S005	SECOND	06_CROSS_SEASON_COMPARISON_INTERFACE_JA.md		Comparison anchors	X01 through X05
EV-S006	SECOND	canonical_branch_masters/B01/GWTC45_STANDARD_SIREN_POSTERIOR_TRACEABILITY_MASTER_V1_0.zip	01_GWTC45_STANDARD_SIREN_POSTERIOR_TRACEABILITY_MASTER_V1_0/02_KEY_RESULTS/GATE_A_DECISION.md	GWTC headline output result	Gate A PASS and exact quantiles
EV-S007	SECOND	canonical_branch_masters/B01/GWTC45_STANDARD_SIREN_POSTERIOR_TRACEABILITY_MASTER_V1_0.zip	01_GWTC45_STANDARD_SIREN_POSTERIOR_TRACEABILITY_MASTER_V1_0/02_KEY_RESULTS/GATE_B_STATUS_CARRY_FORWARD.md	GWTC historical metric HOLD	Old-side posterior provenance not unique
EV-S008	SECOND	canonical_branch_masters/B02/PANTHEON_PLUS_BBC_SOURCE_READINESS_MASTER_V1_0.zip	02_PANTHEON_PLUS_BBC_TRUTH_CLOSURE_SOURCE_READINESS_HOLD/01_AUDIT_RECORD/BRANCH_STATUS_AND_CLOSEOUT.md	BBC source readiness result	Truth closure execution not started
EV-S009	SECOND	canonical_branch_masters/B02/PANTHEON_PLUS_BBC_SOURCE_READINESS_MASTER_V1_0.zip	02_PANTHEON_PLUS_BBC_TRUTH_CLOSURE_SOURCE_READINESS_HOLD/02_REGISTERS/MISSING_INPUT_AND_AMBIGUITY_REGISTER.tsv	BBC missing input register	Explicit re-entry assets
EV-S010	SECOND	canonical_branch_masters/B03A/H0DN_SINGULAR_COVARIANCE_MASTER_REFERENCE_PACKAGE_v1.0.0.zip	H0DN_SINGULAR_COVARIANCE_MASTER_REFERENCE_PACKAGE_v1.0.0/01_SCIENTIFIC_SUMMARY_JA.md	H0DN singular covariance summary	Baseline reproduction; non-invariance; support HOLD
EV-S011	SECOND	canonical_branch_masters/B03A/H0DN_SINGULAR_COVARIANCE_MASTER_REFERENCE_PACKAGE_v1.0.0.zip	H0DN_SINGULAR_COVARIANCE_MASTER_REFERENCE_PACKAGE_v1.0.0/03_CLAIM_AND_NONCLAIM_LEDGER.tsv	H0DN formal claims	C-001 through N-009
EV-S012	SECOND	canonical_branch_masters/B03A/H0DN_SINGULAR_COVARIANCE_MASTER_REFERENCE_PACKAGE_v1.0.0.zip	H0DN_SINGULAR_COVARIANCE_MASTER_REFERENCE_PACKAGE_v1.0.0/04_KEY_NUMERICAL_RESULTS.tsv	H0DN key values	row scaling; P0y; exploratory scope
EV-S013	SECOND	canonical_branch_masters/B03B/H0DN_SNIA_SAME_CID_RESIDUAL_DEFICIT_MASTER_REFERENCE_PACKAGE_v1.0.0.zip	H0DN_SNIA_SAME_CID_RESIDUAL_DEFICIT_MASTER_REFERENCE_PACKAGE_v1.0.0/04_CLAIM_AND_NONCLAIM_LEDGER.tsv	SN branch formal claims	SN03B-C001 through SN03B-NC008
EV-S014	SECOND	canonical_branch_masters/B03B/H0DN_SNIA_SAME_CID_RESIDUAL_DEFICIT_MASTER_REFERENCE_PACKAGE_v1.0.0.zip	H0DN_SNIA_SAME_CID_RESIDUAL_DEFICIT_MASTER_REFERENCE_PACKAGE_v1.0.0/05_KEY_NUMERICAL_RESULTS.tsv	SN branch key values	Compression; residual; mapping; Phase1F counts
EV-S015	SECOND	canonical_branch_masters/B03B/H0DN_SNIA_SAME_CID_RESIDUAL_DEFICIT_MASTER_REFERENCE_PACKAGE_v1.0.0.zip	H0DN_SNIA_SAME_CID_RESIDUAL_DEFICIT_MASTER_REFERENCE_PACKAGE_v1.0.0/06_DEPENDENCY_AND_EVIDENCE_MAP_JA.md	SN evidence hierarchy	Parameter; residual; provenance; candidate; config; executed lineage
EV-S016	SECOND	canonical_branch_masters/B03B/H0DN_SNIA_SAME_CID_RESIDUAL_DEFICIT_MASTER_REFERENCE_PACKAGE_v1.0.0.zip	H0DN_SNIA_SAME_CID_RESIDUAL_DEFICIT_MASTER_REFERENCE_PACKAGE_v1.0.0/07_PUBLIC_EVIDENCE_FRONTIER_AND_REENTRY_GATES_JA.md	SN re-entry gate	Exact run-to-final-row evidence requirements
EV-S017	SECOND	canonical_branch_masters/B03B/H0DN_SNIA_SAME_CID_RESIDUAL_DEFICIT_MASTER_REFERENCE_PACKAGE_v1.0.0.zip	H0DN_SNIA_SAME_CID_RESIDUAL_DEFICIT_MASTER_REFERENCE_PACKAGE_v1.0.0/canonical_phase_packages/PHASE0/H0DN_SNIA_COMPRESSION_SUFFICIENCY_AUDIT_v0.1.0_PHASE0_FINAL_20260730_01.zip::h0dn-snia-compression-sufficiency-audit/PHASE0_REPORT_JA.md	SN compression primary report	Exact H0 sufficiency and omitted residual term
EV-S018	SECOND	canonical_branch_masters/B03B/H0DN_SNIA_SAME_CID_RESIDUAL_DEFICIT_MASTER_REFERENCE_PACKAGE_v1.0.0.zip	H0DN_SNIA_SAME_CID_RESIDUAL_DEFICIT_MASTER_REFERENCE_PACKAGE_v1.0.0/canonical_phase_packages/PHASE1A/h0dn-snia-residual-deficit-localization-audit_v0.1.0.zip::h0dn-snia-residual-deficit-localization-audit-0.1.0/REPORT_JA.md	SN residual localization report	39 contrast df and conditional test
EV-S019	SECOND	canonical_branch_masters/B03B/H0DN_SNIA_SAME_CID_RESIDUAL_DEFICIT_MASTER_REFERENCE_PACKAGE_v1.0.0.zip	H0DN_SNIA_SAME_CID_RESIDUAL_DEFICIT_MASTER_REFERENCE_PACKAGE_v1.0.0/canonical_phase_packages/PHASE1B/h0dn-snia-multirow-provenance-audit_v0.1.0.zip::h0dn-snia-multirow-provenance-audit-0.1.0/REPORT_JA.md	SN row and covariance provenance	277/277 and 76,729/76,729
EV-S020	SECOND	canonical_branch_masters/B03B/H0DN_SNIA_SAME_CID_RESIDUAL_DEFICIT_MASTER_REFERENCE_PACKAGE_v1.0.0.zip	H0DN_SNIA_SAME_CID_RESIDUAL_DEFICIT_MASTER_REFERENCE_PACKAGE_v1.0.0/canonical_phase_packages/PHASE1C/h0dn-snia-contrast-covariance-calibration-audit_v0.1.0.zip::h0dn-snia-contrast-covariance-calibration-audit-0.1.0/REPORT_JA.md	SN covariance sensitivity	Low flag persists through STATONLY
EV-S021	SECOND	canonical_branch_masters/B03B/H0DN_SNIA_SAME_CID_RESIDUAL_DEFICIT_MASTER_REFERENCE_PACKAGE_v1.0.0.zip	H0DN_SNIA_SAME_CID_RESIDUAL_DEFICIT_MASTER_REFERENCE_PACKAGE_v1.0.0/canonical_phase_packages/PHASE1F/h0dn-snia-cross-series-input-dependency-audit_v0.1.0.zip::h0dn-snia-cross-series-input-dependency-audit-0.1.0/REPORT_JA.md	SN public input dependency	0/48 byte exact; 4/48 numeric; final ancestry open
