equation_index	equation_description	equation_shape	projected_data_value	absolute_projected_data_value	projected_design_row_l2_norm
0	Host equation for N7250 with MAS: ceph_hst&N4258&R22	mu_host = reported value	-0.005486486486375952	0.005486486486375952	1.6088190233384619e-15
1	Host equation for N4536 with MAS: ceph_hst&N4258&R22	mu_host = reported value	0.009513513513445204	0.009513513513445204	2.9941678757782045e-15
2	Host equation for N3972 with MAS: ceph_hst&N4258&R22	mu_host = reported value	-0.006486486486544152	0.006486486486544152	3.557463836921743e-15
3	Host equation for N4424 with MAS: ceph_hst&N4258&R22	mu_host = reported value	-0.005819819819869565	0.005819819819869565	2.9286731534989434e-15
4	Host equation for N4639 with MAS: ceph_hst&N4258&R22	mu_host = reported value	-0.0064864864864428995	0.0064864864864428995	2.571573623889486e-15
5	Host equation for N4038 with MAS: ceph_hst&N4258&R22	mu_host = reported value	-0.006819819819892103	0.006819819819892103	2.7599935900827963e-15
6	Host equation for M101 with MAS: ceph_hst&N4258&R22	mu_host = reported value	-0.005486486486486086	0.005486486486486086	2.194809672392264e-15
7	Host equation for N2442 with MAS: ceph_hst&N4258&R22	mu_host = reported value	-0.007153153153129921	0.007153153153129921	2.1307572618024675e-15
8	Host equation for N1365 with MAS: ceph_hst&N4258&R22	mu_host = reported value	-0.03915315315317969	0.03915315315317969	2.148837719044929e-15
9	Host equation for N5643 with MAS: ceph_hst&N4258&R22	mu_host = reported value	-0.007153153153192093	0.007153153153192093	2.2878180346432887e-15
10	Host equation for N5584 with MAS: ceph_hst&N4258&R22	mu_host = reported value	-0.01748648648647766	0.01748648648647766	1.517726160435893e-15
11	Host equation for N1559 with MAS: ceph_hst&N4258&R22	mu_host = reported value	-0.006819819819851247	0.006819819819851247	2.247186657525952e-15
12	Host equation for N5468 with MAS: ceph_hst&N4258&R22	mu_host = reported value	-0.006486486486481979	0.006486486486481979	1.9411402159603587e-15
13	Host equation for N1448 with MAS: ceph_hst&N4258&R22	mu_host = reported value	-0.0064864864865175065	0.0064864864865175065	1.3245352975117922e-15
14	Host equation for N2525 with MAS: ceph_hst&N4258&R22	mu_host = reported value	-0.007153153153126368	0.007153153153126368	3.0778046467858793e-15
15	Host equation for N3370 with MAS: ceph_hst&N4258&R22	mu_host = reported value	-0.006153153153125146	0.006153153153125146	2.2632023667623083e-15
16	Host equation for N5861 with MAS: ceph_hst&N4258&R22	mu_host = reported value	-0.0071531531531583425	0.0071531531531583425	1.641601011423846e-15
17	Host equation for N3147 with MAS: ceph_hst&N4258&R22	mu_host = reported value	0.09484684684685796	0.09484684684685796	2.582194829306023e-15
18	Host equation for N3021 with MAS: ceph_hst&N4258&R22	mu_host = reported value	-0.006153153153180213	0.006153153153180213	2.222271947879e-15
19	Host equation for N1309 with MAS: ceph_hst&N4258&R22	mu_host = reported value	-0.006486486486510401	0.006486486486510401	1.8398757984949956e-15
20	Host equation for N3982 with MAS: ceph_hst&N4258&R22	mu_host = reported value	-0.005486486486443454	0.005486486486443454	1.9310641411400546e-15
21	Host equation for N1015 with MAS: ceph_hst&N4258&R22	mu_host = reported value	0.07218018018017247	0.07218018018017247	1.4086544083674738e-15
22	Host equation for N3447 with MAS: ceph_hst&N4258&R22	mu_host = reported value	-0.0061531531531127115	0.0061531531531127115	1.2685167928385218e-15
23	Host equation for N5917 with MAS: ceph_hst&N4258&R22	mu_host = reported value	-0.005819819819810945	0.005819819819810945	1.5721028082656131e-15
24	Host equation for U9391 with MAS: ceph_hst&N4258&R22	mu_host = reported value	-0.0058198198198073925	0.0058198198198073925	1.340955793201524e-15
25	Host equation for N3583 with MAS: ceph_hst&N4258&R22	mu_host = reported value	-0.006486486486487308	0.006486486486487308	1.510350735730596e-15
26	Host equation for N2608 with MAS: ceph_hst&N4258&R22	mu_host = reported value	-0.0068198198198228255	0.0068198198198228255	3.007034767095368e-15
27	Host equation for N7541 with MAS: ceph_hst&N4258&R22	mu_host = reported value	-0.0061531531531375805	0.0061531531531375805	2.293357689984964e-15
28	Host equation for N0691 with MAS: ceph_hst&N4258&R22	mu_host = reported value	-0.006819819819837036	0.006819819819837036	1.6032987503966794e-15
29	Host equation for N3254 with MAS: ceph_hst&N4258&R22	mu_host = reported value	-0.006486486486455334	0.006486486486455334	1.7620615643558178e-15
30	Host equation for N5728 with MAS: ceph_hst&N4258&R22	mu_host = reported value	-0.006486486486485532	0.006486486486485532	2.1444862746584723e-15
31	Host equation for N7678 with MAS: ceph_hst&N4258&R22	mu_host = reported value	-0.006486486486485532	0.006486486486485532	2.039770141697981e-15
32	Host equation for M1337 with MAS: ceph_hst&N4258&R22	mu_host = reported value	0.07951351351355207	0.07951351351355207	2.92027194074141e-15
33	Host equation for N4680 with MAS: ceph_hst&N4258&R22	mu_host = reported value	-0.006486486486480203	0.006486486486480203	1.404657037125938e-15
34	Host equation for N7329 with MAS: ceph_hst&N4258&R22	mu_host = reported value	-0.00715315315313525	0.00715315315313525	1.2161832205722409e-15
35	Host equation for N0976 with MAS: ceph_hst&N4258&R22	mu_host = reported value	-0.0068198198198548	0.0068198198198548	1.5382607444366732e-15
36	Host equation for N0105 with MAS: ceph_hst&N4258&R22	mu_host = reported value	-0.006153153153146462	0.006153153153146462	1.8796756031734322e-15
37	Host equation for N7250 with MAS: ceph_hst&LMC&R22	mu_host = reported value	0.002432432432375009	0.002432432432375009	2.4693511387301583e-15
38	Host equation for N4536 with MAS: ceph_hst&LMC&R22	mu_host = reported value	-0.0045675675675518335	0.0045675675675518335	1.8226562193513846e-15
39	Host equation for N3972 with MAS: ceph_hst&LMC&R22	mu_host = reported value	0.0034324324324828126	0.0034324324324828126	2.017782961329608e-15
40	Host equation for N4424 with MAS: ceph_hst&LMC&R22	mu_host = reported value	0.003099099099134861	0.003099099099134861	2.59873888402082e-15
41	Host equation for N4639 with MAS: ceph_hst&LMC&R22	mu_host = reported value	0.0034324324323975475	0.0034324324323975475	1.8228113295541574e-15
42	Host equation for N4038 with MAS: ceph_hst&LMC&R22	mu_host = reported value	0.0030990990991064393	0.0030990990991064393	1.5519433314504213e-15
43	Host equation for M101 with MAS: ceph_hst&LMC&R22	mu_host = reported value	0.0024324324324034308	0.0024324324324034308	1.2141120188691696e-15
44	Host equation for N2442 with MAS: ceph_hst&LMC&R22	mu_host = reported value	0.003765765765734841	0.003765765765734841	1.6118748425176762e-15
45	Host equation for N1365 with MAS: ceph_hst&LMC&R22	mu_host = reported value	0.0197657657657615	0.0197657657657615	1.5707695132044863e-15
46	Host equation for N5643 with MAS: ceph_hst&LMC&R22	mu_host = reported value	0.003765765765795237	0.003765765765795237	1.592417279888933e-15
47	Host equation for N5584 with MAS: ceph_hst&LMC&R22	mu_host = reported value	0.008432432432439185	0.008432432432439185	1.2977814841620586e-15
48	Host equation for N1559 with MAS: ceph_hst&LMC&R22	mu_host = reported value	0.003099099099109992	0.003099099099109992	1.2729324868306508e-15
49	Host equation for N5468 with MAS: ceph_hst&LMC&R22	mu_host = reported value	0.003432432432425969	0.003432432432425969	1.3528287477235014e-15
50	Host equation for N1448 with MAS: ceph_hst&LMC&R22	mu_host = reported value	0.0034324324324472855	0.0034324324324472855	1.4152518288474793e-15
51	Host equation for N2525 with MAS: ceph_hst&LMC&R22	mu_host = reported value	0.003765765765770368	0.003765765765770368	2.1629945234462774e-15
52	Host equation for N3370 with MAS: ceph_hst&LMC&R22	mu_host = reported value	0.0027657657657513823	0.0027657657657513823	1.4568171196740691e-15
53	Host equation for N5861 with MAS: ceph_hst&LMC&R22	mu_host = reported value	0.0037657657657774735	0.0037657657657774735	1.5403908930374857e-15
54	Host equation for N3147 with MAS: ceph_hst&LMC&R22	mu_host = reported value	-0.04723423423422801	0.04723423423422801	1.2312893808555629e-15
55	Host equation for N3021 with MAS: ceph_hst&LMC&R22	mu_host = reported value	0.002765765765794015	0.002765765765794015	1.8453844425587027e-15
56	Host equation for N1309 with MAS: ceph_hst&LMC&R22	mu_host = reported value	0.003432432432450838	0.003432432432450838	1.0889000681293727e-15
57	Host equation for N3982 with MAS: ceph_hst&LMC&R22	mu_host = reported value	0.0024324324324069835	0.0024324324324069835	1.1143851519322856e-15
58	Host equation for N1015 with MAS: ceph_hst&LMC&R22	mu_host = reported value	-0.03590090090088083	0.03590090090088083	1.1008511110910066e-15
59	Host equation for N3447 with MAS: ceph_hst&LMC&R22	mu_host = reported value	0.0027657657657726986	0.0027657657657726986	8.44032719407256e-16
60	Host equation for N5917 with MAS: ceph_hst&LMC&R22	mu_host = reported value	0.0030990990991064393	0.0030990990991064393	1.0709846399755166e-15
61	Host equation for U9391 with MAS: ceph_hst&LMC&R22	mu_host = reported value	0.0030990990990886758	0.0030990990990886758	1.0299640518473138e-15
62	Host equation for N3583 with MAS: ceph_hst&LMC&R22	mu_host = reported value	0.00343243243244018	0.00343243243244018	1.095845025852213e-15
63	Host equation for N2608 with MAS: ceph_hst&LMC&R22	mu_host = reported value	0.0030990990991277556	0.0030990990991277556	1.617731851369763e-15
64	Host equation for N7541 with MAS: ceph_hst&LMC&R22	mu_host = reported value	0.0027657657657762513	0.0027657657657762513	2.234380224978679e-15
65	Host equation for N0691 with MAS: ceph_hst&LMC&R22	mu_host = reported value	0.003099099099095781	0.003099099099095781	1.1106921129067062e-15
66	Host equation for N3254 with MAS: ceph_hst&LMC&R22	mu_host = reported value	0.003432432432429522	0.003432432432429522	1.1023682595442259e-15
67	Host equation for N5728 with MAS: ceph_hst&LMC&R22	mu_host = reported value	0.0034324324324117583	0.0034324324324117583	2.293855067657159e-15
68	Host equation for N7678 with MAS: ceph_hst&LMC&R22	mu_host = reported value	0.0034324324324117583	0.0034324324324117583	2.0588685568840386e-15
69	Host equation for M1337 with MAS: ceph_hst&LMC&R22	mu_host = reported value	-0.0395675675675875	0.0395675675675875	2.2107675757711773e-15
70	Host equation for N4680 with MAS: ceph_hst&LMC&R22	mu_host = reported value	0.00343243243244018	0.00343243243244018	1.5336878027703019e-15
71	Host equation for N7329 with MAS: ceph_hst&LMC&R22	mu_host = reported value	0.003765765765745499	0.003765765765745499	1.227367129003261e-15
72	Host equation for N0976 with MAS: ceph_hst&LMC&R22	mu_host = reported value	0.0030990990991384137	0.0030990990991384137	1.1606526155819172e-15
73	Host equation for N0105 with MAS: ceph_hst&LMC&R22	mu_host = reported value	0.0027657657657336188	0.0027657657657336188	1.498783269434894e-15
74	Host equation for N7250 with MAS: ceph_hst&MW&R22	mu_host = reported value	0.003054054053990285	0.003054054053990285	2.096001003980548e-15
75	Host equation for N4536 with MAS: ceph_hst&MW&R22	mu_host = reported value	-0.004945945945916463	0.004945945945916463	1.6521862152003188e-15
76	Host equation for N3972 with MAS: ceph_hst&MW&R22	mu_host = reported value	0.003054054054064892	0.003054054054064892	2.5185039008992477e-15
77	Host equation for N4424 with MAS: ceph_hst&MW&R22	mu_host = reported value	0.002720720720740033	0.002720720720740033	2.19644338302016e-15
78	Host equation for N4639 with MAS: ceph_hst&MW&R22	mu_host = reported value	0.003054054054054234	0.003054054054054234	1.6072471382926756e-15
79	Host equation for N4038 with MAS: ceph_hst&MW&R22	mu_host = reported value	0.0037207207207927695	0.0037207207207927695	1.9135580204934816e-15
80	Host equation for M101 with MAS: ceph_hst&MW&R22	mu_host = reported value	0.0030540540540684447	0.0030540540540684447	1.522581617062337e-15
81	Host equation for N2442 with MAS: ceph_hst&MW&R22	mu_host = reported value	0.003387387387386198	0.003387387387386198	1.33801810864707e-15
82	Host equation for N1365 with MAS: ceph_hst&MW&R22	mu_host = reported value	0.01938738738739687	0.01938738738739687	1.285084286090256e-15
83	Host equation for N5643 with MAS: ceph_hst&MW&R22	mu_host = reported value	0.0033873873873986327	0.0033873873873986327	1.78376904636788e-15
84	Host equation for N5584 with MAS: ceph_hst&MW&R22	mu_host = reported value	0.009054054054061567	0.009054054054061567	1.1711113314558716e-15
85	Host equation for N1559 with MAS: ceph_hst&MW&R22	mu_host = reported value	0.003720720720755466	0.003720720720755466	1.259354982062158e-15
86	Host equation for N5468 with MAS: ceph_hst&MW&R22	mu_host = reported value	0.0030540540540489047	0.0030540540540489047	1.1959895770504197e-15
87	Host equation for N1448 with MAS: ceph_hst&MW&R22	mu_host = reported value	0.0030540540540489047	0.0030540540540489047	1.070436952186547e-15
88	Host equation for N2525 with MAS: ceph_hst&MW&R22	mu_host = reported value	0.0033873873873719873	0.0033873873873719873	1.6428599004003992e-15
89	Host equation for N3370 with MAS: ceph_hst&MW&R22	mu_host = reported value	0.003387387387356	0.003387387387356	1.2140350665439558e-15
90	Host equation for N5861 with MAS: ceph_hst&MW&R22	mu_host = reported value	0.00338738738739508	0.00338738738739508	1.8770890895687815e-15
91	Host equation for N3147 with MAS: ceph_hst&MW&R22	mu_host = reported value	-0.047612612612596195	0.047612612612596195	2.0810409332263447e-15
92	Host equation for N3021 with MAS: ceph_hst&MW&R22	mu_host = reported value	0.0033873873873631055	0.0033873873873631055	2.4072642928369012e-15
93	Host equation for N1309 with MAS: ceph_hst&MW&R22	mu_host = reported value	0.003054054054059563	0.003054054054059563	1.0425769793975404e-15
94	Host equation for N3982 with MAS: ceph_hst&MW&R22	mu_host = reported value	0.0030540540540489047	0.0030540540540489047	1.3823279073436899e-15
95	Host equation for N1015 with MAS: ceph_hst&MW&R22	mu_host = reported value	-0.036279279279261445	0.036279279279261445	1.092202157166185e-15
96	Host equation for N3447 with MAS: ceph_hst&MW&R22	mu_host = reported value	0.003387387387356	0.003387387387356	1.0102928655630126e-15
97	Host equation for N5917 with MAS: ceph_hst&MW&R22	mu_host = reported value	0.002720720720700953	0.002720720720700953	1.0310227459932317e-15
98	Host equation for U9391 with MAS: ceph_hst&MW&R22	mu_host = reported value	0.0027207207207133877	0.0027207207207133877	9.409935664519633e-16
99	Host equation for N3583 with MAS: ceph_hst&MW&R22	mu_host = reported value	0.0030540540540382466	0.0030540540540382466	1.3935797347739412e-15
100	Host equation for N2608 with MAS: ceph_hst&MW&R22	mu_host = reported value	0.0037207207206844117	0.0037207207206844117	1.7501346328628654e-15
101	Host equation for N7541 with MAS: ceph_hst&MW&R22	mu_host = reported value	0.0033873873873790927	0.0033873873873790927	1.094506794007026e-15
102	Host equation for N0691 with MAS: ceph_hst&MW&R22	mu_host = reported value	0.0037207207207430315	0.0037207207207430315	1.2000714092982478e-15
103	Host equation for N3254 with MAS: ceph_hst&MW&R22	mu_host = reported value	0.00305405405405601	0.00305405405405601	9.68247363886436e-16
104	Host equation for N5728 with MAS: ceph_hst&MW&R22	mu_host = reported value	0.0030540540540684447	0.0030540540540684447	1.0917492619835105e-15
105	Host equation for N7678 with MAS: ceph_hst&MW&R22	mu_host = reported value	0.003054054054050681	0.003054054054050681	1.4573609703273535e-15
106	Host equation for M1337 with MAS: ceph_hst&MW&R22	mu_host = reported value	-0.03994594594594858	0.03994594594594858	1.0782282236689436e-15
107	Host equation for N4680 with MAS: ceph_hst&MW&R22	mu_host = reported value	0.0030540540540471284	0.0030540540540471284	1.1382663797028524e-15
108	Host equation for N7329 with MAS: ceph_hst&MW&R22	mu_host = reported value	0.003387387387370211	0.003387387387370211	1.0263708702202606e-15
109	Host equation for N0976 with MAS: ceph_hst&MW&R22	mu_host = reported value	0.003720720720716386	0.003720720720716386	1.7416947736678798e-15
110	Host equation for N0105 with MAS: ceph_hst&MW&R22	mu_host = reported value	0.00338738738739508	0.00338738738739508	1.3302852925813016e-15
111	Host equation for M101 with MAS: ceph_jwst&N4258&SH0ES	mu_host = reported value	9.385772229352387e-18	9.385772229352387e-18	1.2284406752299655e-29
112	Host equation for N1448 with MAS: ceph_jwst&N4258&SH0ES	mu_host = reported value	8.877883114831331e-18	8.877883114831331e-18	1.0026897489162089e-29
113	Host equation for N1559 with MAS: ceph_jwst&N4258&SH0ES	mu_host = reported value	2.961570457933032e-17	2.961570457933032e-17	6.098708932762104e-30
114	Host equation for N3447 with MAS: ceph_jwst&N4258&SH0ES	mu_host = reported value	3.325621599549273e-17	3.325621599549273e-17	9.366960932576039e-30
115	Host equation for N4038 with MAS: ceph_jwst&N4258&SH0ES	mu_host = reported value	-3.53982128661329e-17	3.53982128661329e-17	8.898978153535552e-30
116	Host equation for N5468 with MAS: ceph_jwst&N4258&SH0ES	mu_host = reported value	-3.12006634792072e-17	3.12006634792072e-17	1.3272321911611312e-29
117	Host equation for N5584 with MAS: ceph_jwst&N4258&SH0ES	mu_host = reported value	-1.1064320869504891e-16	1.1064320869504891e-16	8.037115464427529e-30
118	Host equation for N5643 with MAS: ceph_jwst&N4258&SH0ES	mu_host = reported value	-1.8510497412160228e-17	1.8510497412160228e-17	5.416200908467423e-30
119	Host equation for M101 with MAS: trgb_jwst&N4258&CCHP	mu_host = reported value	1.8130836873698486e-16	1.8130836873698486e-16	2.7102796586147953e-29
120	Host equation for N1365 with MAS: trgb_jwst&N4258&CCHP	mu_host = reported value	-2.355919214122811e-18	2.355919214122811e-18	8.72534893402181e-30
121	Host equation for N2442 with MAS: trgb_jwst&N4258&CCHP	mu_host = reported value	-7.51530477244817e-18	7.51530477244817e-18	2.2631545624214067e-30
122	Host equation for N3972 with MAS: trgb_jwst&N4258&CCHP	mu_host = reported value	-4.247662352467911e-17	4.247662352467911e-17	8.343329333979819e-30
123	Host equation for N4038 with MAS: trgb_jwst&N4258&CCHP	mu_host = reported value	-1.9385857268537227e-18	1.9385857268537227e-18	4.428246017895045e-30
124	Host equation for N4424 with MAS: trgb_jwst&N4258&CCHP	mu_host = reported value	3.724612791715457e-16	3.724612791715457e-16	7.176658922147415e-29
125	Host equation for N4536 with MAS: trgb_jwst&N4258&CCHP	mu_host = reported value	-2.6922015384046365e-16	2.6922015384046365e-16	2.125480719183859e-29
126	Host equation for N4639 with MAS: trgb_jwst&N4258&CCHP	mu_host = reported value	5.2347079098067604e-18	5.2347079098067604e-18	4.7408706414230856e-30
127	Host equation for N5643 with MAS: trgb_jwst&N4258&CCHP	mu_host = reported value	-2.5547543718401032e-17	2.5547543718401032e-17	7.501867429554916e-30
128	Host equation for N7250 with MAS: trgb_jwst&N4258&CCHP	mu_host = reported value	-1.1593893904649383e-16	1.1593893904649383e-16	1.316877573129396e-29
129	Host equation for N1448 with MAS: trgb_jwst&N4258&SH0ES	mu_host = reported value	-1.1247521219081177e-17	1.1247521219081177e-17	3.381712709316073e-30
130	Host equation for N1559 with MAS: trgb_jwst&N4258&SH0ES	mu_host = reported value	8.649379376388697e-17	8.649379376388697e-17	8.55176745692241e-30
131	Host equation for N2525 with MAS: trgb_jwst&N4258&SH0ES	mu_host = reported value	5.0440914612518544e-18	5.0440914612518544e-18	2.1078756132784322e-30
132	Host equation for N3447 with MAS: trgb_jwst&N4258&SH0ES	mu_host = reported value	6.169746638781524e-18	6.169746638781524e-18	1.231426788088887e-30
133	Host equation for N5584 with MAS: trgb_jwst&N4258&SH0ES	mu_host = reported value	1.3788246729480597e-17	1.3788246729480597e-17	1.4680596992420239e-30
134	Host equation for N5643 with MAS: trgb_jwst&N4258&SH0ES	mu_host = reported value	-6.118177372003336e-17	6.118177372003336e-17	5.059635044916141e-30
135	Host equation for N3370 with MAS: trgb_jwst&N4258&SH0ES	mu_host = reported value	6.259959255239017e-18	6.259959255239017e-18	3.677699237990734e-30
136	Host equation for N5861 with MAS: trgb_jwst&N4258&SH0ES	mu_host = reported value	1.735401668712128e-19	1.735401668712128e-19	1.4963313629903504e-30
137	Host equation for M101 with MAS: trgb_hst&N4258&CCHP	mu_host = reported value	4.426503704685614e-17	4.426503704685614e-17	9.833333690496868e-30
138	Host equation for N1309 with MAS: trgb_hst&N4258&CCHP	mu_host = reported value	3.625469534054937e-17	3.625469534054937e-17	1.964759722194483e-30
139	Host equation for N1316 with MAS: trgb_hst&N4258&CCHP	mu_host = reported value	9.396908526582443e-17	9.396908526582443e-17	1.1437850309380272e-29
140	Host equation for N1365 with MAS: trgb_hst&N4258&CCHP	mu_host = reported value	-3.646005882906752e-17	3.646005882906752e-17	7.216185743495581e-30
141	Host equation for N1448 with MAS: trgb_hst&N4258&CCHP	mu_host = reported value	-2.5448519097094972e-17	2.5448519097094972e-17	4.981644363277903e-30
142	Host equation for N3021 with MAS: trgb_hst&N4258&CCHP	mu_host = reported value	-8.238542126682007e-17	8.238542126682007e-17	7.257537215424617e-30
143	Host equation for M96 with MAS: trgb_hst&N4258&CCHP	mu_host = reported value	4.612702565346276e-17	4.612702565346276e-17	8.793200046153506e-30
144	Host equation for N3370 with MAS: trgb_hst&N4258&CCHP	mu_host = reported value	-4.6432315120217496e-17	4.6432315120217496e-17	5.277524021871565e-30
145	Host equation for M66 with MAS: trgb_hst&N4258&CCHP	mu_host = reported value	4.1408451528953936e-17	4.1408451528953936e-17	8.066946626731842e-30
146	Host equation for N4038 with MAS: trgb_hst&N4258&CCHP	mu_host = reported value	-3.671242780668202e-17	3.671242780668202e-17	6.671669403635043e-30
147	Host equation for N4424 with MAS: trgb_hst&N4258&CCHP	mu_host = reported value	-1.0292106198659977e-17	1.0292106198659977e-17	6.358494258963153e-30
148	Host equation for N4526 with MAS: trgb_hst&N4258&CCHP	mu_host = reported value	4.2496490584710054e-17	4.2496490584710054e-17	2.6982032717447903e-30
149	Host equation for N4536 with MAS: trgb_hst&N4258&CCHP	mu_host = reported value	-2.5208853908885144e-17	2.5208853908885144e-17	6.764558806050816e-30
150	Host equation for N5584 with MAS: trgb_hst&N4258&CCHP	mu_host = reported value	7.51991115603916e-18	7.51991115603916e-18	1.427493394177131e-30
151	Host equation for N5643 with MAS: trgb_hst&N4258&CCHP	mu_host = reported value	2.2186354373964262e-17	2.2186354373964262e-17	1.2151137860249417e-30
152	Host equation for N7814 with MAS: trgb_hst&N4258&Ex	mu_host = reported value	-2.8820721060726248e-18	2.8820721060726248e-18	6.192030019322064e-30
153	Host equation for N4639 with MAS: trgb_hst&N4258&Ex	mu_host = reported value	1.6541411929250665e-17	1.6541411929250665e-17	1.5897984816043434e-30
154	Host equation for N3982 with MAS: trgb_hst&N4258&Ex	mu_host = reported value	2.7901104619366052e-18	2.7901104619366052e-18	1.2029127612426248e-30
155	Host equation for N4414 with MAS: trgb_hst&N4258&Ex	mu_host = reported value	-2.84535737818434e-17	2.84535737818434e-17	1.8715827130282903e-30
156	Host equation for N4457 with MAS: trgb_hst&N4258&Ex	mu_host = reported value	-1.8673820932362265e-17	1.8673820932362265e-17	2.6133433669985318e-30
157	Host equation for N4666 with MAS: trgb_hst&N4258&Ex	mu_host = reported value	1.9681211556203396e-17	1.9681211556203396e-17	1.0639681782182962e-29
158	Host equation for N1380 with MAS: trgb_jwst&N4258&A25	mu_host = reported value	-5.008250699509289e-17	5.008250699509289e-17	1.056377043709425e-29
159	Host equation for N1399 with MAS: trgb_jwst&N4258&A25	mu_host = reported value	-3.1494587742392114e-17	3.1494587742392114e-17	9.381732661577874e-30
160	Host equation for N1404 with MAS: trgb_jwst&N4258&A25	mu_host = reported value	6.345451535553236e-17	6.345451535553236e-17	1.6412343531212588e-29
161	Host equation for N4472 with MAS: trgb_jwst&N4258&A25	mu_host = reported value	-3.6853979923430666e-17	3.6853979923430666e-17	1.5069298009875783e-29
162	Host equation for N4552 with MAS: trgb_jwst&N4258&A25	mu_host = reported value	9.3978538640972e-19	9.3978538640972e-19	1.0605928294907987e-29
163	Host equation for N4636 with MAS: trgb_jwst&N4258&A25	mu_host = reported value	6.812305257677811e-17	6.812305257677811e-17	8.486577107475641e-30
164	Host equation for N4649 with MAS: trgb_jwst&N4258&A25	mu_host = reported value	-2.9025946417436655e-17	2.9025946417436655e-17	1.4551773842661258e-29
165	Host equation for N4697 with MAS: trgb_jwst&N4258&A25	mu_host = reported value	-1.3686661629237821e-17	1.3686661629237821e-17	1.3002232929271532e-29
166	Distance modulus match between host IC2006 and group Fornax	mu_host - mu_group = 0	0.0	0.0	0.0
167	Distance modulus match between host N1344 and group Fornax	mu_host - mu_group = 0	0.0	0.0	0.0
168	Distance modulus match between host N1374 and group Fornax	mu_host - mu_group = 0	0.0	0.0	0.0
169	Distance modulus match between host N1375 and group Fornax	mu_host - mu_group = 0	0.0	0.0	0.0
170	Distance modulus match between host N1380 and group Fornax	mu_host - mu_group = 0	0.0	0.0	0.0
171	Distance modulus match between host N1399 and group Fornax	mu_host - mu_group = 0	0.0	0.0	0.0
172	Distance modulus match between host N1404 and group Fornax	mu_host - mu_group = 0	0.0	0.0	0.0
173	Distance modulus match between host N4458 and group Virgo	mu_host - mu_group = 0	0.0	0.0	0.0
174	Distance modulus match between host N4472 and group Virgo	mu_host - mu_group = 0	0.0	0.0	0.0
175	Distance modulus match between host N4489 and group Virgo	mu_host - mu_group = 0	0.0	0.0	0.0
176	Distance modulus match between host N4552 and group Virgo	mu_host - mu_group = 0	0.0	0.0	0.0
177	Distance modulus match between host N4636 and group Virgo	mu_host - mu_group = 0	0.0	0.0	0.0
178	Distance modulus match between host N4649 and group Virgo	mu_host - mu_group = 0	0.0	0.0	0.0
179	SNe Ia equation for 2011fe in host M101	M_B + mu_host = sn_mag	0.0	0.0	0.0
180	SNe Ia equation for 2006D in host M1337	M_B + mu_host = sn_mag	0.0	0.0	0.0
181	SNe Ia equation for 2007A in host N0105	M_B + mu_host = sn_mag	0.0	0.0	0.0
182	SNe Ia equation for 2005W in host N0691	M_B + mu_host = sn_mag	0.0	0.0	0.0
183	SNe Ia equation for 1999dq in host N0976	M_B + mu_host = sn_mag	0.0	0.0	0.0
184	SNe Ia equation for 2009ig in host N1015	M_B + mu_host = sn_mag	0.0	0.0	0.0
185	SNe Ia equation for 2002fk in host N1309	M_B + mu_host = sn_mag	0.0	0.0	0.0
186	SNe Ia equation for 2012fr in host N1365	M_B + mu_host = sn_mag	0.0	0.0	0.0
187	SNe Ia equation for 2001el in host N1448	M_B + mu_host = sn_mag	0.0	0.0	0.0
188	SNe Ia equation for 2021pit in host N1448	M_B + mu_host = sn_mag	0.0	0.0	0.0
189	SNe Ia equation for 2005df in host N1559	M_B + mu_host = sn_mag	0.0	0.0	0.0
190	SNe Ia equation for 2015F in host N2442	M_B + mu_host = sn_mag	0.0	0.0	0.0
191	SNe Ia equation for 2018gv in host N2525	M_B + mu_host = sn_mag	0.0	0.0	0.0
192	SNe Ia equation for 2001bg in host N2608	M_B + mu_host = sn_mag	0.0	0.0	0.0
193	SNe Ia equation for 1995al in host N3021	M_B + mu_host = sn_mag	0.0	0.0	0.0
194	SNe Ia equation for 2021hpr in host N3147	M_B + mu_host = sn_mag	0.0	0.0	0.0
195	SNe Ia equation for 1997bq in host N3147	M_B + mu_host = sn_mag	0.0	0.0	0.0
196	SNe Ia equation for 2008fv in host N3147	M_B + mu_host = sn_mag	0.0	0.0	0.0
197	SNe Ia equation for 2019np in host N3254	M_B + mu_host = sn_mag	0.0	0.0	0.0
198	SNe Ia equation for 1994ae in host N3370	M_B + mu_host = sn_mag	0.0	0.0	0.0
199	SNe Ia equation for 2012ht in host N3447	M_B + mu_host = sn_mag	0.0	0.0	0.0
200	SNe Ia equation for ASASSN-15so in host N3583	M_B + mu_host = sn_mag	0.0	0.0	0.0
201	SNe Ia equation for 2011by in host N3972	M_B + mu_host = sn_mag	0.0	0.0	0.0
202	SNe Ia equation for 1998aq in host N3982	M_B + mu_host = sn_mag	0.0	0.0	0.0
203	SNe Ia equation for 2007sr in host N4038	M_B + mu_host = sn_mag	0.0	0.0	0.0
204	SNe Ia equation for 2012cg in host N4424	M_B + mu_host = sn_mag	0.0	0.0	0.0
205	SNe Ia equation for 1981B in host N4536	M_B + mu_host = sn_mag	0.0	0.0	0.0
206	SNe Ia equation for 1990N in host N4639	M_B + mu_host = sn_mag	0.0	0.0	0.0
207	SNe Ia equation for 1997bp in host N4680	M_B + mu_host = sn_mag	0.0	0.0	0.0
208	SNe Ia equation for 1999cp in host N5468	M_B + mu_host = sn_mag	0.0	0.0	0.0
209	SNe Ia equation for 2002cr in host N5468	M_B + mu_host = sn_mag	0.0	0.0	0.0
210	SNe Ia equation for 2007af in host N5584	M_B + mu_host = sn_mag	0.0	0.0	0.0
211	SNe Ia equation for 2013aa in host N5643	M_B + mu_host = sn_mag	0.0	0.0	0.0
212	SNe Ia equation for 2017cbv in host N5643	M_B + mu_host = sn_mag	0.0	0.0	0.0
213	SNe Ia equation for 2009Y in host N5728	M_B + mu_host = sn_mag	0.0	0.0	0.0
214	SNe Ia equation for 2017erp in host N5861	M_B + mu_host = sn_mag	0.0	0.0	0.0
215	SNe Ia equation for 2005cf in host N5917	M_B + mu_host = sn_mag	0.0	0.0	0.0
216	SNe Ia equation for 2013dy in host N7250	M_B + mu_host = sn_mag	0.0	0.0	0.0
217	SNe Ia equation for 2006bh in host N7329	M_B + mu_host = sn_mag	0.0	0.0	0.0
218	SNe Ia equation for 1998dh in host N7541	M_B + mu_host = sn_mag	0.0	0.0	0.0
219	SNe Ia equation for 2002dp in host N7678	M_B + mu_host = sn_mag	0.0	0.0	0.0
220	SNe Ia equation for 2003du in host U9391	M_B + mu_host = sn_mag	0.0	0.0	0.0
221	SNe Ia equation for 2011iv in host N1404	M_B + mu_host = sn_mag	0.0	0.0	0.0
222	SNe Ia equation for 2007on in host N1404	M_B + mu_host = sn_mag	0.0	0.0	0.0
223	SNe Ia equation for 2021rhu in host N7814	M_B + mu_host = sn_mag	0.0	0.0	0.0
224	SNe Ia equation for 1980N in host N1316	M_B + mu_host = sn_mag	0.0	0.0	0.0
225	SNe Ia equation for 1981D in host N1316	M_B + mu_host = sn_mag	0.0	0.0	0.0
226	SNe Ia equation for 2006dd in host N1316	M_B + mu_host = sn_mag	0.0	0.0	0.0
227	SNe Ia equation for 1998bu in host M96	M_B + mu_host = sn_mag	0.0	0.0	0.0
228	SNe Ia equation for 1989B in host M66	M_B + mu_host = sn_mag	0.0	0.0	0.0
229	SNe Ia equation for 1994D in host N4526	M_B + mu_host = sn_mag	0.0	0.0	0.0
230	SNe Ia equation for 1992A in host N1380	M_B + mu_host = sn_mag	0.0	0.0	0.0
231	SNe Ia equation for ASASSN-14lp in host N4666	M_B + mu_host = sn_mag	0.0	0.0	0.0
232	SNe Ia equation for 2021J in host N4414	M_B + mu_host = sn_mag	0.0	0.0	0.0
233	SNe Ia equation for 2020nvb in host N4457	M_B + mu_host = sn_mag	0.0	0.0	0.0
234	SBF calibrator distance for IC2006 based on distances from all sources	M_offset + mu_host = m110 - M110	0.0	0.0	0.0
235	SBF calibrator distance for N1344 based on distances from all sources	M_offset + mu_host = m110 - M110	0.0	0.0	0.0
236	SBF calibrator distance for N1374 based on distances from all sources	M_offset + mu_host = m110 - M110	0.0	0.0	0.0
237	SBF calibrator distance for N1375 based on distances from all sources	M_offset + mu_host = m110 - M110	0.0	0.0	0.0
238	SBF calibrator distance for N1380 based on distances from all sources	M_offset + mu_host = m110 - M110	0.0	0.0	0.0
239	SBF calibrator distance for N1399 based on distances from all sources	M_offset + mu_host = m110 - M110	0.0	0.0	0.0
240	SBF calibrator distance for N1404 based on distances from all sources	M_offset + mu_host = m110 - M110	0.0	0.0	0.0
241	SBF calibrator distance for N4458 based on distances from all sources	M_offset + mu_host = m110 - M110	0.0	0.0	0.0
242	SBF calibrator distance for N4472 based on distances from all sources	M_offset + mu_host = m110 - M110	0.0	0.0	0.0
243	SBF calibrator distance for N4489 based on distances from all sources	M_offset + mu_host = m110 - M110	0.0	0.0	0.0
244	SBF calibrator distance for N4552 based on distances from all sources	M_offset + mu_host = m110 - M110	0.0	0.0	0.0
245	SBF calibrator distance for N4636 based on distances from all sources	M_offset + mu_host = m110 - M110	0.0	0.0	0.0
246	SBF calibrator distance for N4649 based on distances from all sources	M_offset + mu_host = m110 - M110	0.0	0.0	0.0
247	SBF calibrator distance for N4697 based on distances from all sources	M_offset + mu_host = m110 - M110	0.0	0.0	0.0
248	Link between M_0 and H_0 (SNe Ia HF)	log10(H0) - 0.2*M_0 = a_b + 5	0.0	0.0	0.0
249	Link between M_offset_SBF and H_0 (SBF HF)	log10(H0) - 0.2*M_offset_SBF = a_b + 5	0.0	0.0	0.0
250	mm constraint from UGC_3789	log10(H0) = measured value	0.0	0.0	0.0
251	mm constraint from NGC_6264	log10(H0) = measured value	0.0	0.0	0.0
252	mm constraint from NGC_6323	log10(H0) = measured value	0.0	0.0	0.0
253	mm constraint from NGC_5765b	log10(H0) = measured value	0.0	0.0	0.0
254	mm constraint from CGCG_074-064	log10(H0) = measured value	0.0	0.0	0.0
