representation_family	case_index	case_digest	policy	nrows	npars	atol	rtol	covar_rank	covar_nullity	normal_rank	normal_nullity	covar_min_eigenvalue	covar_max_eigenvalue	covar_materially_indefinite	status	message	logh0_value	logh0_variance	h0_value	h0_error	chi2	ndof	reduced_chi2	normal_condition_number	mzero_value	mzero_error	delta_h0	absolute_delta_h0	delta_h0_in_baseline_sigma	delta_sigma_h0	absolute_delta_sigma_h0	invariance_status
diagonal_row_standardization	0		official_after_diagonal_row_standardization	255	64	1e-10	0.0	183	72	64	0	-2.3835759626930164e-15	18.597119037063372	0	OK		1.86596997086086	2.2590906690949716e-05	73.44630822099562	0.8082229018216793	117.47318861642411	119	0.9871696522388581	10114.182556513375	-19.253372649288558	0.022446576710565522	-0.052445422611000936	0.052445422611000936	-0.06484349773492386	-0.0005771235161660115	0.0005771235161660115	FAIL
simultaneous_row_column_permutation	0	ab5ef6171263592d25d1ea6eef8cf933343d27b10d3323118d67276f1c05e3f3	official_after_simultaneous_permutation	255	64	1e-10	0.0	183	72	64	0	-3.891232683128492e-17	0.19083307124362714	0	OK		1.8662799745904213	2.259090669094962e-05	73.49875364360932	0.808800025337888	117.55968168211243	119	0.9878964847236338	10114.182556512977	-19.251823407376996	0.022446576710565432	2.7000623958883807e-12	2.7000623958883807e-12	3.338355973419428e-12	4.263256414560601e-14	4.263256414560601e-14	PASS
simultaneous_row_column_permutation	1	ee714445ae0774684a829a2bab4ae5954847baa703bd723ac4604abb38b2529f	official_after_simultaneous_permutation	255	64	1e-10	0.0	183	72	64	0	-1.8533292644160905e-17	0.19083307124362697	0	OK		1.8662799745904035	2.2590906690949458e-05	73.49875364360632	0.8088000253378453	117.559681682112	119	0.9878964847236302	10114.182556513535	-19.25182340737706	0.022446576710565436	-2.984279490192421e-13	2.984279490192421e-13	-3.689761865358315e-13	0.0	0.0	PASS
simultaneous_row_column_permutation	2	a5787da014eb6a5a19f59cf45545e2fcad984583276974922bfb089d789ac1b2	official_after_simultaneous_permutation	255	64	1e-10	0.0	183	72	64	0	-4.5102810375396984e-17	0.19083307124362692	0	OK		1.866279974590122	2.2590906690949834e-05	73.49875364355867	0.8088000253373622	117.55968168213656	119	0.9878964847238366	10114.182556512762	-19.251823407377245	0.02244657671056546	-4.794742380909156e-11	4.794742380909156e-11	-5.928217397009026e-11	-4.831690603168681e-13	4.831690603168681e-13	PASS
simultaneous_row_column_permutation	3	db63f1317c6712f905b783f53dad04ef350a26808003ed3cc64370f113dc38ac	official_after_simultaneous_permutation	255	64	1e-10	0.0	183	72	64	0	-2.4266105931244357e-17	0.19083307124362708	0	OK		1.8662799745903973	2.259090669094966e-05	73.49875364360527	0.8088000253378311	117.55968168211211	119	0.9878964847236312	10114.18255651326	-19.25182340737709	0.022446576710565495	-1.3500311979441904e-12	1.3500311979441904e-12	-1.669177986709714e-12	-1.4210854715202004e-14	1.4210854715202004e-14	PASS
simultaneous_row_column_permutation	4	46e95c1bc855209f2ad21d88a5ad3c5ebc0ab1ba08e993858ef7d008af58dd52	official_after_simultaneous_permutation	255	64	1e-10	0.0	183	72	64	0	-4.0377878917068404e-17	0.19083307124362708	0	OK		1.8662799745904133	2.2590906690949597e-05	73.49875364360797	0.8088000253378738	117.5596816821116	119	0.9878964847236269	10114.182556513886	-19.251823407376826	0.022446576710565463	1.3500311979441904e-12	1.3500311979441904e-12	1.669177986709714e-12	2.842170943040401e-14	2.842170943040401e-14	PASS
simultaneous_row_column_permutation	5	8dfa705b0fa379899b3035ddcf4159a1e1c9328fbe1b1a0622237caa9d6fa4d9	official_after_simultaneous_permutation	255	64	1e-10	0.0	183	72	64	0	-2.5340942881983453e-17	0.1908330712436272	0	OK		1.8662799745904257	2.2590906690949506e-05	73.49875364361007	0.808800025337888	117.55968168211109	119	0.9878964847236226	10114.18255651294	-19.251823407377003	0.022446576710565415	3.453237695794087e-12	3.453237695794087e-12	4.269581587057479e-12	4.263256414560601e-14	4.263256414560601e-14	PASS
simultaneous_row_column_permutation	6	5f3c4f4249a5da38726b2e65ddc646d4ef767ca4441cc05651fa6d50295f5d4f	official_after_simultaneous_permutation	255	64	1e-10	0.0	183	72	64	0	-4.071877354615129e-17	0.19083307124362708	0	OK		1.8662799745903973	2.25909066909496e-05	73.49875364360527	0.8088000253378311	117.55968168211227	119	0.9878964847236326	10114.182556513293	-19.251823407377067	0.02244657671056546	-1.3500311979441904e-12	1.3500311979441904e-12	-1.669177986709714e-12	-1.4210854715202004e-14	1.4210854715202004e-14	PASS
simultaneous_row_column_permutation	7	d1853e0b3d7514d22a38ef06784b1fa64f667c9d4c4c8cd346e6c8cd2a9579e7	official_after_simultaneous_permutation	255	64	1e-10	0.0	183	72	64	0	-4.859313360588838e-17	0.1908330712436272	0	OK		1.8662799745904337	2.2590906690950014e-05	73.49875364361142	0.8088000253379448	117.559681682109	119	0.987896484723605	10114.182556511865	-19.251823407377046	0.022446576710565463	4.803268893738277e-12	4.803268893738277e-12	5.938759573767193e-12	9.947598300641403e-14	9.947598300641403e-14	PASS
simultaneous_row_column_permutation	8	3662aa18f14b68e2b9c95cfa2b18fc1c3749299cb53883772d75c640485d32c6	official_after_simultaneous_permutation	255	64	1e-10	0.0	183	72	64	0	-2.4983289718824792e-17	0.1908330712436271	0	OK		1.8662799745903795	2.2590906690949753e-05	73.49875364360226	0.8088000253378453	117.5596816821106	119	0.9878964847236185	10114.182556512626	-19.251823407377486	0.022446576710565467	-4.362732397567015e-12	4.362732397567015e-12	-5.394080441261918e-12	0.0	0.0	PASS
simultaneous_row_column_permutation	9	7c833a84b90d773d582fa43583fc31fad46703e1ddd1699cc4159e9e38e85c0f	official_after_simultaneous_permutation	255	64	1e-10	0.0	183	72	64	0	-3.124046975193165e-17	0.19083307124362686	0	OK		1.8662799745904035	2.2590906690949807e-05	73.49875364360632	0.808800025337888	117.55968168211415	119	0.9878964847236483	10114.182556512622	-19.251823407376996	0.022446576710565467	-2.984279490192421e-13	2.984279490192421e-13	-3.689761865358315e-13	4.263256414560601e-14	4.263256414560601e-14	PASS
simultaneous_row_column_permutation	10	cea224a9ff85695284f192f2376c018441ce22f89989ef3c36995f435637bf7d	official_after_simultaneous_permutation	255	64	1e-10	0.0	183	72	64	0	-2.938981896588584e-17	0.19083307124362708	0	OK		1.8662799745904275	2.2590906690949516e-05	73.49875364361037	0.8088000253379022	117.55968168211196	119	0.9878964847236299	10114.182556513319	-19.25182340737703	0.02244657671056543	3.751665644813329e-12	3.751665644813329e-12	4.638557773593311e-12	5.684341886080802e-14	5.684341886080802e-14	PASS
simultaneous_row_column_permutation	11	81531be2a539718c134b86cbd11b0747b76c86986cc2dafd55bd58ddcc7c8250	official_after_simultaneous_permutation	255	64	1e-10	0.0	183	72	64	0	-2.7755575615662446e-17	0.19083307124362728	0	OK		1.8662799745904337	2.2590906690949424e-05	73.49875364361142	0.8088000253379164	117.55968168211278	119	0.9878964847236368	10114.182556513517	-19.251823407376662	0.022446576710565432	4.803268893738277e-12	4.803268893738277e-12	5.938759573767193e-12	7.105427357601002e-14	7.105427357601002e-14	PASS
simultaneous_row_column_permutation	12	b9d210b7ecbc7641c5c23fa5e7ea3faf25975266752b1baf7695d79eb00941ff	official_after_simultaneous_permutation	255	64	1e-10	0.0	183	72	64	0	-2.1370218544279864e-17	0.19083307124362708	0	OK		1.866279974590336	2.25909066909496e-05	73.4987536435949	0.8088000253377174	117.55968168211498	119	0.9878964847236553	10114.182556513262	-19.251823407377323	0.022446576710565474	-1.1723955140041653e-11	1.1723955140041653e-11	-1.4495493042479096e-11	-1.2789769243681803e-13	1.2789769243681803e-13	PASS
simultaneous_row_column_permutation	13	e05682d279f6be1e30ba6399e6d018ef6df8413c5fdb7b5ad02e8b7fc555321c	official_after_simultaneous_permutation	255	64	1e-10	0.0	183	72	64	0	-1.6580377196977744e-17	0.19083307124362703	0	OK		1.866279974590392	2.2590906690949763e-05	73.49875364360436	0.8088000253378738	117.55968168211095	119	0.9878964847236215	10114.182556512846	-19.251823407377096	0.022446576710565474	-2.2595258997171186e-12	2.2595258997171186e-12	-2.793676840914153e-12	2.842170943040401e-14	2.842170943040401e-14	PASS
simultaneous_row_column_permutation	14	a78ed9bba3681efb285952ba063b7cd2fdb6b75e60e8a118d01b916c945156e0	official_after_simultaneous_permutation	255	64	1e-10	0.0	183	72	64	0	-2.517538225145201e-17	0.1908330712436271	0	OK		1.8662799745904195	2.259090669095062e-05	73.49875364360902	0.8088000253379164	117.5596816821059	119	0.987896484723579	10114.18255650994	-19.251823407376904	0.02244657671056545	2.4016344468691386e-12	2.4016344468691386e-12	2.9693797868835965e-12	7.105427357601002e-14	7.105427357601002e-14	PASS
simultaneous_row_column_permutation	15	04b7b283fd6811bbf3d4f9b71b7b2b4bf8780d8083749887d8ca4ca2ad5ff84d	official_after_simultaneous_permutation	255	64	1e-10	0.0	183	72	64	0	-4.323534246838417e-17	0.19083307124362697	0	OK		1.8662799745904044	2.2590906690949563e-05	73.49875364360646	0.8088000253378596	117.55968168211331	119	0.9878964847236412	10114.182556513593	-19.25182340737706	0.022446576710565457	-1.5631940186722204e-13	1.5631940186722204e-13	-1.9327324056638793e-13	1.4210854715202004e-14	1.4210854715202004e-14	PASS
simultaneous_row_column_permutation	16	f3682c77d1c3980b88f8031be9f8dc27944da2dbb5a80a696ac3db466b483311	official_after_simultaneous_permutation	255	64	1e-10	0.0	183	72	64	0	-3.095450135678709e-17	0.19083307124362714	0	OK		1.8662799745904044	2.2590906690950146e-05	73.49875364360646	0.808800025337888	117.5596816821112	119	0.9878964847236236	10114.182556511681	-19.25182340737704	0.02244657671056547	-1.5631940186722204e-13	1.5631940186722204e-13	-1.9327324056638793e-13	4.263256414560601e-14	4.263256414560601e-14	PASS
simultaneous_row_column_permutation	17	77093db3565619e66e421d6d37ffd61964f659ad80dc20fb95e7bdf912ed0361	official_after_simultaneous_permutation	255	64	1e-10	0.0	183	72	64	0	-3.295974604356021e-17	0.1908330712436272	0	OK		1.866279974590336	2.2590906690949407e-05	73.4987536435949	0.8088000253377174	117.55968168211058	119	0.9878964847236184	10114.182556513624	-19.25182340737735	0.022446576710565474	-1.1723955140041653e-11	1.1723955140041653e-11	-1.4495493042479096e-11	-1.2789769243681803e-13	1.2789769243681803e-13	PASS
simultaneous_row_column_permutation	18	d079ef52c88712befced1cea6a0ee9eda72bd269b32a2aa33b0f3aa8daeed711	official_after_simultaneous_permutation	255	64	1e-10	0.0	183	72	64	0	-3.1366477069773996e-17	0.19083307124362697	0	OK		1.8662799745903822	2.2590906690952945e-05	73.49875364360271	0.808800025337888	117.55968168212104	119	0.9878964847237062	10114.182556502949	-19.25182340737674	0.02244657671056549	-3.907985046680551e-12	3.907985046680551e-12	-4.8318310141596985e-12	4.263256414560601e-14	4.263256414560601e-14	PASS
simultaneous_row_column_permutation	19	8ec7c7afb4b01bd28973e27c1b8c17cbfee675d7dad8526fa38096f66637894e	official_after_simultaneous_permutation	255	64	1e-10	0.0	183	72	64	0	-2.958454757385046e-17	0.19083307124362714	0	OK		1.8662799745903964	2.2590906690949597e-05	73.49875364360511	0.8088000253378311	117.5596816821123	119	0.9878964847236328	10114.182556513295	-19.251823407377103	0.02244657671056547	-1.5063505998114124e-12	1.5063505998114124e-12	-1.862451227276102e-12	-1.4210854715202004e-14	1.4210854715202004e-14	PASS
simultaneous_row_column_permutation	20	a720a379b5ea06cd8b76252e4d3e23ec73ff6a607c0e54ae49876ea92a8e90bc	official_after_simultaneous_permutation	255	64	1e-10	0.0	183	72	64	0	-3.91781420274775e-17	0.19083307124362686	0	OK		1.866279974590431	2.259090669094849e-05	73.49875364361097	0.8088000253379022	117.55968168211278	119	0.9878964847236368	10114.182556517031	-19.25182340737689	0.022446576710565484	4.348521542851813e-12	4.348521542851813e-12	5.3765101466649735e-12	5.684341886080802e-14	5.684341886080802e-14	PASS
simultaneous_row_column_permutation	21	bb510a10a5da249f3c2bc071af1b50bce06cec9cb3bfbb20da8a36a42f1d0e29	official_after_simultaneous_permutation	255	64	1e-10	0.0	183	72	64	0	-2.3419344901892908e-17	0.19083307124362703	0	OK		1.8662799745904293	2.259090669094964e-05	73.49875364361067	0.8088000253379022	117.55968168211102	119	0.987896484723622	10114.182556513346	-19.25182340737703	0.02244657671056547	4.050093593832571e-12	4.050093593832571e-12	5.007533960129142e-12	5.684341886080802e-14	5.684341886080802e-14	PASS
simultaneous_row_column_permutation	22	ab33235dc2bc6cd9590b73dff4b7eb85c73d2b18ecbc642c513cc1bfa090f41c	official_after_simultaneous_permutation	255	64	1e-10	0.0	183	72	64	0	-2.0816681711722036e-17	0.190833071243627	0	OK		1.866279974590367	2.259090669094956e-05	73.49875364360015	0.8088000253377885	117.55968168211567	119	0.9878964847236611	10114.182556513873	-19.251823407377245	0.022446576710565457	-6.465938895416912e-12	6.465938895416912e-12	-7.994484041609682e-12	-5.684341886080802e-14	5.684341886080802e-14	PASS
simultaneous_row_column_permutation	23	e170386ae408ba7d9d1a9d9e673877907c200bcfc2db4e1224f77328636a271d	official_after_simultaneous_permutation	255	64	1e-10	0.0	183	72	64	0	-3.525130458011702e-17	0.19083307124362725	0	OK		1.866279974590399	2.2590906690949556e-05	73.49875364360557	0.8088000253378311	117.55968168211248	119	0.9878964847236343	10114.1825565136	-19.251823407377124	0.022446576710565443	-1.0516032489249483e-12	1.0516032489249483e-12	-1.3002018001738825e-12	-1.4210854715202004e-14	1.4210854715202004e-14	PASS
simultaneous_row_column_permutation	24	ec539e49a32525ac6bbe6eab9d4eee68f49c156f373edb9ed25fe165e58c6d04	official_after_simultaneous_permutation	255	64	1e-10	0.0	183	72	64	0	-2.585946571428131e-17	0.19083307124362708	0	OK		1.8662799745904062	2.2590906690949628e-05	73.49875364360676	0.8088000253378596	117.5596816821121	119	0.9878964847236311	10114.182556513362	-19.25182340737703	0.022446576710565484	1.4210854715202004e-13	1.4210854715202004e-13	1.7570294596944358e-13	1.4210854715202004e-14	1.4210854715202004e-14	PASS
simultaneous_row_column_permutation	25	983968de9a42c57b71f71f4e7785da0788270390dc235f9db93f32e13d5d08e8	official_after_simultaneous_permutation	255	64	1e-10	0.0	183	72	64	0	-2.7911935480199795e-17	0.19083307124362694	0	OK		1.8662799745904115	2.259090669094966e-05	73.49875364360767	0.8088000253378596	117.55968168211295	119	0.9878964847236382	10114.182556513095	-19.25182340737701	0.02244657671056549	1.0516032489249483e-12	1.0516032489249483e-12	1.3002018001738825e-12	1.4210854715202004e-14	1.4210854715202004e-14	PASS
simultaneous_row_column_permutation	26	98993ce187a5c68fea53df211ff2e280283f32ada2b711e884b88b3688cb2984	official_after_simultaneous_permutation	255	64	1e-10	0.0	183	72	64	0	-2.8882536391949425e-17	0.1908330712436272	0	OK		1.8662799745904124	2.2590906690949787e-05	73.49875364360781	0.8088000253379164	117.5596816821105	119	0.9878964847236176	10114.18255651288	-19.25182340737696	0.022446576710565484	1.1937117960769683e-12	1.1937117960769683e-12	1.475904746143326e-12	7.105427357601002e-14	7.105427357601002e-14	PASS
simultaneous_row_column_permutation	27	76f587904d28ef817c332cc9c6267aa97cb073ac7ee80ab20d5307b0d96bd56a	official_after_simultaneous_permutation	255	64	1e-10	0.0	183	72	64	0	-2.2895887539799266e-17	0.1908330712436268	0	OK		1.8662799745904008	2.2590906690949706e-05	73.49875364360587	0.8088000253378453	117.55968168211196	119	0.9878964847236299	10114.182556513226	-19.251823407377053	0.022446576710565505	-7.531752999057062e-13	7.531752999057062e-13	-9.31225613638051e-13	0.0	0.0	PASS
simultaneous_row_column_permutation	28	c1394e09770f3ce4415c756ac310342b7c16a08a5e37937f0f52492651be780e	official_after_simultaneous_permutation	255	64	1e-10	0.0	183	72	64	0	-3.4694469519797156e-17	0.19083307124362708	0	OK		1.8662799745904346	2.259090669094733e-05	73.49875364361158	0.8088000253378738	117.55968168211054	119	0.9878964847236179	10114.182556519976	-19.251823407377152	0.022446576710565404	4.959588295605499e-12	4.959588295605499e-12	6.132032814333581e-12	2.842170943040401e-14	2.842170943040401e-14	PASS
simultaneous_row_column_permutation	29	6e5b0135ae9a7908fd4c6cfa3a740692a4ef81f32a0c664992961b0c4c2d555d	official_after_simultaneous_permutation	255	64	1e-10	0.0	183	72	64	0	-6.195618081583859e-17	0.19083307124362664	0	OK		1.8662799745904168	2.259090669094972e-05	73.49875364360857	0.8088000253378738	117.55968168211226	119	0.9878964847236325	10114.182556513044	-19.25182340737704	0.022446576710565477	1.9468870959826745e-12	1.9468870959826745e-12	2.407130359781377e-12	2.842170943040401e-14	2.842170943040401e-14	PASS
simultaneous_row_column_permutation	30	7d02212867fec34d9282ac58b6a489ef166dda6b3de694e8d1fc795963741f74	official_after_simultaneous_permutation	255	64	1e-10	0.0	183	72	64	0	-2.994005098712458e-17	0.19083307124362706	0	OK		1.8662799745904204	2.259090669094938e-05	73.49875364360918	0.8088000253378738	117.55968168211409	119	0.9878964847236478	10114.182556514388	-19.251823407376946	0.022446576710565522	2.5579538487363607e-12	2.5579538487363607e-12	3.1626530274499844e-12	2.842170943040401e-14	2.842170943040401e-14	PASS
simultaneous_row_column_permutation	31	305bb5905b97796695ece08eddfe62aa2d16a80aae9ed59aa49d6e3004537d23	official_after_simultaneous_permutation	255	64	1e-10	0.0	183	72	64	0	-3.4751952491863624e-17	0.19083307124362694	0	OK		1.8662799745903946	2.2590906690949665e-05	73.49875364360481	0.8088000253378311	117.55968168211189	119	0.9878964847236293	10114.182556513222	-19.251823407377067	0.022446576710565495	-1.8047785488306545e-12	1.8047785488306545e-12	-2.2314274138119335e-12	-1.4210854715202004e-14	1.4210854715202004e-14	PASS
