h0dn_row_1based	official_row_1based	CID	IDSURVEY	survey_label	source_directory	path	git_blob_sha1	bytes	sha256	SNID	SURVEY	NOBS	observation_line_count	observation_lines_sha256	active_list_occurrences	ignore_list_occurrences	evidence_level	direct_final_measurement_ancestry
1	342	2009cz	56	SOUSA	SWIFT	Pantheon+_Data/1_DATA/photometry/SWIFT/SN2009cz.dat	7a69c4b6042e6514fb976755655ce8ee268e4057	3824	82d47cd581fbd02882a47e546c124321c8bcd5aa97ae059e5882cd00c7b8f58d	2009cz	SWIFT	70	70	066f28b750348d0243bdd62bf37048ddf7da3c9cae34a0ef04254e4a1d0f8886	1	0	FROZEN_CROSSWALK_COMPATIBLE_INPUT_CANDIDATE	NOT_ESTABLISHED
2	343	2009cz	5	CSP	CSPDR3_anthony	Pantheon+_Data/1_DATA/photometry/CSPDR3_anthony/CSPDR3_2009cz.DAT	82e3579efb90a04ec22ed57d6fc2500a11cb75c1	5914	6a9a67815a58d81022a165da2f9db4544414f24df5fde5c07339a8c04adc4c36	2009cz	CSP	83	83	02f1251528615220bd302ffa7e26b20777452c7fe562ef560fc1789a607aeb91	1	0	FROZEN_CROSSWALK_COMPATIBLE_INPUT_CANDIDATE	NOT_ESTABLISHED
6	348	2007qe	64	CFA3K	CfA3_DJ20	Pantheon+_Data/1_DATA/photometry/CfA3_DJ20/CFA3_KEPLERCAM_2007qe.DAT	7ee96dadfa851019c5ebf5fe177ec8e95785438f	10027	970a60906c18fb43a52f0cd07a83516e08321674666fd2a8036525732c68325a	2007qe	PS1_LOWZ_COMBINED(CFA3K)	118	118	e6f9a0b68af9fd080b6c790f9b21bace8179e2da6c02e77ece3db4f42c77b3cd	1	0	FROZEN_CROSSWALK_COMPATIBLE_INPUT_CANDIDATE	NOT_ESTABLISHED
15	361	2007F	64	CFA3K	CfA3_DJ20	Pantheon+_Data/1_DATA/photometry/CfA3_DJ20/CFA3_KEPLERCAM_2007F.DAT	2edcd06e3f0340e5915210f310c4cbdda7665d73	10746	1f65c8fae68a9dd8a4a4720bfce3762cde8d9c3056bba7066dfcc64a50257dc9	2007F	PS1_LOWZ_COMBINED(CFA3K)	127	127	692af67d13b1112ba3926cdb3f14e79cb5ce004ca105dafb97ced07c191c210b	1	0	FROZEN_CROSSWALK_COMPATIBLE_INPUT_CANDIDATE	NOT_ESTABLISHED
17	365	2006ac	64	CFA3K	CfA3_DJ20	Pantheon+_Data/1_DATA/photometry/CfA3_DJ20/CFA3_KEPLERCAM_2006ac.DAT	b6b5d451531892e1c2d78ce9a3decf0e16823ecd	12188	fa8434c5fa64297928bccb6b0cfe5e6f3301b876970ee55d5fb8c1b3a8140e97	2006ac	PS1_LOWZ_COMBINED(CFA3K)	145	145	ef0fc0b1f11033405e2d6e4ac2cbd2c2d623c75cdb60f628683170fadbbb58b2	1	0	FROZEN_CROSSWALK_COMPATIBLE_INPUT_CANDIDATE	NOT_ESTABLISHED
20	368	2009D	5	CSP	CSPDR3_anthony	Pantheon+_Data/1_DATA/photometry/CSPDR3_anthony/CSPDR3_2009D.DAT	8d29db799cd6582416b6c5b558897be80294a1aa	11962	4088b3006af02eb972206f18307aba32deb7481f2c767460075224e624e3ebe7	2009D	CSP	176	176	f282673b6f0f0f967685821b03e78bbd6c4a381f4eafae48237e9bd9e52bb0cd	1	0	FROZEN_CROSSWALK_COMPATIBLE_INPUT_CANDIDATE	NOT_ESTABLISHED
28	381	2007cq	56	SOUSA	SWIFT	Pantheon+_Data/1_DATA/photometry/SWIFT/SN2007cq.dat	902ad8ca18c24722b17519e1772a61108fb146ee	3542	7b5e9d515e21741d71e4a7792e073a55df57e55f319302e2d0814e0aaf208d43	2007cq	SWIFT	64	64	9ddae0077379a22b28cf7d0279f2702e23095cf99ee7de159316a96c88a2ac2c	1	0	FROZEN_CROSSWALK_COMPATIBLE_INPUT_CANDIDATE	NOT_ESTABLISHED
29	382	2007cq	64	CFA3K	CfA3_DJ20	Pantheon+_Data/1_DATA/photometry/CfA3_DJ20/CFA3_KEPLERCAM_2007cq.DAT	4bf6012dc0dae6778d74f3b34915338f10a9bbdb	9466	4218e642b742d2d352bb10ff9852618c5a474843892a4051a70a106e5a0bd0c8	2007cq	PS1_LOWZ_COMBINED(CFA3K)	111	111	413f4b8cb014d6c6dca7ba3f46f65e195c8a809ca288157c745edf04c434bf3a	1	0	FROZEN_CROSSWALK_COMPATIBLE_INPUT_CANDIDATE	NOT_ESTABLISHED
41	403	2005M	5	CSP	CSPDR3_anthony	Pantheon+_Data/1_DATA/photometry/CSPDR3_anthony/CSPDR3_2005M.DAT	6d9fdaa9429ffe884682cd245cef7cefe33ddac9	25283	b254839ffcf7d64ea67b8996a885018c5345e4e5e22290b91fc994324a9b5e5c	2005M	CSP	381	381	d73eaf09500ada07fcf1c2f26b4058a2654b94a648d0be6f075282601132b2b2	1	0	FROZEN_CROSSWALK_COMPATIBLE_INPUT_CANDIDATE	NOT_ESTABLISHED
42	404	2005M	64	CFA3K	CfA3_DJ20	Pantheon+_Data/1_DATA/photometry/CfA3_DJ20/CFA3_KEPLERCAM_2005M.DAT	1774bcd7d530b684ad57338c5f9663c75fdfea37	2664	e960c987034aebcdd0ee3cc7bf82bf6cbfa1c748c3d0dcd84061af804107f4e1	2005M	PS1_LOWZ_COMBINED(CFA3K)	26	26	2da2350f6edccd5462da9036c7c53389441931f9542c2f5bdb279a4d64648e6c	1	0	FROZEN_CROSSWALK_COMPATIBLE_INPUT_CANDIDATE	NOT_ESTABLISHED
45	410	1999gp	62	CFA2	PS1_LOWZ_COMBINED_TEXT_DS17	Pantheon+_Data/1_DATA/photometry/PS1_LOWZ_COMBINED_TEXT_DS17/LOWZ_JRK07_1999gp.DAT	152a732ed888105184b6d803756ad31053f5228f	13139	4feac81b9f6404c9317f648fc82edf84bf225703a4293150657fadf9e514db87	1999gp	PS1_LOWZ_COMBINED(CFA2)	190	190	6366b820ee5ce355f66fcae562bad8832b71e9ec8a376e76f51a30aa087109c4	1	0	FROZEN_CROSSWALK_COMPATIBLE_INPUT_CANDIDATE	NOT_ESTABLISHED
51	418	2007co	56	SOUSA	SWIFT	Pantheon+_Data/1_DATA/photometry/SWIFT/SN2007co.dat	4e483f46f9bc61009ba0358d9413d5e03ddf72e9	2586	982703809abc3764a86843e1d98639d875907accbdea8f62b38699fd9f042cdc	2007co	SWIFT	44	44	95ef61c8ad0f86478dbd0fcb359f2411ba114b107addf94e821ea182abb2ae01	1	0	FROZEN_CROSSWALK_COMPATIBLE_INPUT_CANDIDATE	NOT_ESTABLISHED
52	419	2007co	64	CFA3K	CfA3_DJ20	Pantheon+_Data/1_DATA/photometry/CfA3_DJ20/CFA3_KEPLERCAM_2007co.DAT	459166ac2f93012c731c8283902de80c13bd38ba	10352	18bc97090cdf56598f5a7032a2c3cac21ec456ad6c26d2f7c091894caf909f9a	2007co	PS1_LOWZ_COMBINED(CFA3K)	122	122	3d762a7415f44acd7a6c08986910c6e7e5daa208ffd56079f15bc915f11027b8	1	0	FROZEN_CROSSWALK_COMPATIBLE_INPUT_CANDIDATE	NOT_ESTABLISHED
54	423	2005na	5	CSP	CSPDR3_anthony	Pantheon+_Data/1_DATA/photometry/CSPDR3_anthony/CSPDR3_2005na.DAT	e5a9dc2206bb68ef5d45d1892b197b28a1fca9a0	11575	bab6ff1fd417ababc82e596b0769caf68b9fd6e03b0426f00721df8f20932c86	2005na	CSP	170	170	5186e44922e5e59856ba20fc2e8ab9117cfb7b557001eed45707a7895dbb1b2b	1	0	FROZEN_CROSSWALK_COMPATIBLE_INPUT_CANDIDATE	NOT_ESTABLISHED
55	424	2005na	64	CFA3K	CfA3_DJ20	Pantheon+_Data/1_DATA/photometry/CfA3_DJ20/CFA3_KEPLERCAM_2005na.DAT	01c088ad8ea27b6e2742e60139d91bb2fb6846cc	7952	b51f333b277ece6232275ee40f017f882b2ba0d97d0240ad7c4ab863b84fb9ec	2005na	PS1_LOWZ_COMBINED(CFA3K)	92	92	8c4d41d4a79677d566513aea7adfd9cdcc33f0d7eb40c712a8cdcd2118a108e5	1	0	FROZEN_CROSSWALK_COMPATIBLE_INPUT_CANDIDATE	NOT_ESTABLISHED
62	434	2005eq	5	CSP	CSPDR3_anthony	Pantheon+_Data/1_DATA/photometry/CSPDR3_anthony/CSPDR3_2005eq.DAT	245305d11c2a2db54644548e8d98204da1365286	14239	270ce69fd8868281bc94545003441173362b347db901e32e5a7004a36918a4e0	2005eq	CSP	211	211	075f45ff92baee07ad43294ede4994d72f08415a8a84715a0d8e39cb1f749b39	1	0	FROZEN_CROSSWALK_COMPATIBLE_INPUT_CANDIDATE	NOT_ESTABLISHED
63	435	2005eq	64	CFA3K	CfA3_DJ20	Pantheon+_Data/1_DATA/photometry/CfA3_DJ20/CFA3_KEPLERCAM_2005eq.DAT	b1fb313372b6b062a017f91be0fca55ad39bffe2	11870	0db54bb1d1af09cdc1e0cdacd99fee966f38c4e0e1f2ef98f8292064bd9f82b5	2005eq	PS1_LOWZ_COMBINED(CFA3K)	141	141	dee372a96578bd0138ccfc141fa9fff0bb26589d74959e1902749faf37e7b847	1	0	FROZEN_CROSSWALK_COMPATIBLE_INPUT_CANDIDATE	NOT_ESTABLISHED
65	438	2009ad	5	CSP	CSPDR3_anthony	Pantheon+_Data/1_DATA/photometry/CSPDR3_anthony/CSPDR3_2009ad.DAT	3224dd7606ddb830216c2ab3ffcffab9ac8ba271	8837	c431957455b416c3f91172d84436db3ce7c2ecb08cff19b1174a809d5cd64a49	2009ad	CSP	128	128	39534a836545f32febe094a90436fda18eb1c89becd443ea3205ea3e60e6df45	1	0	FROZEN_CROSSWALK_COMPATIBLE_INPUT_CANDIDATE	NOT_ESTABLISHED
67	441	2008ar	5	CSP	CSPDR3_anthony	Pantheon+_Data/1_DATA/photometry/CSPDR3_anthony/CSPDR3_2008ar.DAT	5df51a0ebdce79a305bdf67c2c49396be7eeaf22	9105	fa3ebdc6d6b47ed14ac1cc347bb3a7c45b2acea1d9d2a283c8273d2c9e69ba93	2008ar	CSP	132	132	6ad8d8e4363b339faa52760d0c5051d5cde0d140e16478c38fa952fbb97cb518	1	0	FROZEN_CROSSWALK_COMPATIBLE_INPUT_CANDIDATE	NOT_ESTABLISHED
82	470	2004ef	5	CSP	CSPDR3_anthony	Pantheon+_Data/1_DATA/photometry/CSPDR3_anthony/CSPDR3_2004ef.DAT	b07e1be51323af674209527520cae1e12eca7cf7	18595	566b89395e31f1140954e6c77653d0a163739d9baf32a8afa414113ebcedcbdf	2004ef	CSP	278	278	4fca1f5ef89fcdb479a82d6193c70133a9dfb52b6e22afe5b5bf36810cff3ebc	1	0	FROZEN_CROSSWALK_COMPATIBLE_INPUT_CANDIDATE	NOT_ESTABLISHED
83	471	2004ef	64	CFA3K	CfA3_DJ20	Pantheon+_Data/1_DATA/photometry/CfA3_DJ20/CFA3_KEPLERCAM_2004ef.DAT	44712567be55bc04e11b0bd1d0fd7b958c945813	3151	02878c7ef5200a532acbf1122401c9c24250b51598dfcd3b39e67ffd1e91abea	2004ef	PS1_LOWZ_COMBINED(CFA3K)	32	32	38ef606738498a92b14227be4be909c8921c4d3df32521322f0658f940385291	1	0	FROZEN_CROSSWALK_COMPATIBLE_INPUT_CANDIDATE	NOT_ESTABLISHED
88	488	2008gg	5	CSP	CSPDR3_anthony	Pantheon+_Data/1_DATA/photometry/CSPDR3_anthony/CSPDR3_2008gg.DAT	51af12da5d6ea339cfbdf242dc701c7c16a24f1c	13395	da05c484a6cae222e86d0127e7fdfca26166d41cdea94b6eab4266a91813d950	2008gg	CSP	198	198	ab4628753b0e50ba50d02f35bbab4cf8f6c7addf0a4db9f5a86c2ce91fe1220c	1	0	FROZEN_CROSSWALK_COMPATIBLE_INPUT_CANDIDATE	NOT_ESTABLISHED
91	493	2007bd	5	CSP	CSPDR3_anthony	Pantheon+_Data/1_DATA/photometry/CSPDR3_anthony/CSPDR3_2007bd.DAT	defc38c8c161450ea9ac1138c7e66a1d8d47638e	7670	d001faf2bcf62d6da27057a94db6fd6c33bf98a29e59e47aee0b16b08ffa1263	2007bd	CSP	110	110	74e02a15429a7fd2d71b08cdd683fe3c5bb3d6b8e67d80ea98ff6ad8a429489f	1	0	FROZEN_CROSSWALK_COMPATIBLE_INPUT_CANDIDATE	NOT_ESTABLISHED
92	494	2007bd	64	CFA3K	CfA3_DJ20	Pantheon+_Data/1_DATA/photometry/CfA3_DJ20/CFA3_KEPLERCAM_2007bd.DAT	2856af6c6e05924c7ba1a3a37015efa43e427a8d	4266	ff42b5e2370ab753f3ca7858c9159621928aa5a0f902fad4259bd8657ab6ac34	2007bd	PS1_LOWZ_COMBINED(CFA3K)	46	46	0cca10e1d61b9f22f1d37ff183f306f91df3d963357026f2597540c1d8c0c03f	1	0	FROZEN_CROSSWALK_COMPATIBLE_INPUT_CANDIDATE	NOT_ESTABLISHED
98	505	2006en	64	CFA3K	CfA3_DJ20	Pantheon+_Data/1_DATA/photometry/CfA3_DJ20/CFA3_KEPLERCAM_2006en.DAT	a76833b2a9a37f3fe3393bce47e7623a56a0d2e5	5228	fb47a2e245acb1dd78ae7ccee831f52a18d7c0581a93f289e079f35bb33bc13a	2006en	PS1_LOWZ_COMBINED(CFA3K)	58	58	3c29c67603aa020372bc3923d096e709044958720b43d39d024670bd175714c2	1	0	FROZEN_CROSSWALK_COMPATIBLE_INPUT_CANDIDATE	NOT_ESTABLISHED
110	524	2004as	63	CFA3S	CfA3_DJ20	Pantheon+_Data/1_DATA/photometry/CfA3_DJ20/CFA3_4SHOOTER2_2004as.DAT	5a8fb4709c9ea2c2dc17e37e162013ff9aee0b60	4671	e7399e1fa3dbb190ec45b9ecb69a779e37cdb396cd77b02074f1e0515e666eec	2004as	PS1_LOWZ_COMBINED(CFA3S)	51	51	be6b5aaf110d385abb4d1608bd635f4349144819fb5f921b0dd468bc507ce90d	1	0	FROZEN_CROSSWALK_COMPATIBLE_INPUT_CANDIDATE	NOT_ESTABLISHED
113	529	2005iq	64	CFA3K	CfA3_DJ20	Pantheon+_Data/1_DATA/photometry/CfA3_DJ20/CFA3_KEPLERCAM_2005iq.DAT	a144dcbc029b392893a0c3129d1b189e812c7695	5958	e1e00973c34b1d592de651fdf0b7b4ed6a861775cc01c6b35be70cd30e6ddaeb	2005iq	PS1_LOWZ_COMBINED(CFA3K)	67	67	0bcf049f61afd9bd3d1c87641e4633d4aa3393e2f9ff883b0ff2669725064124	1	0	FROZEN_CROSSWALK_COMPATIBLE_INPUT_CANDIDATE	NOT_ESTABLISHED
114	530	2005iq	5	CSP	CSPDR3_anthony	Pantheon+_Data/1_DATA/photometry/CSPDR3_anthony/CSPDR3_2005iq.DAT	217af4b87774ab7527883422daddc4f9871e521b	10538	4a33b57941e55cb67440e2f75b29fd163996daa3e8ed021eaf5050e21cb64169	2005iq	CSP	154	154	9f1667019e9c77232fec76b0150c53043c25bc1e2e5247e2bbcd90929170eb96	1	0	FROZEN_CROSSWALK_COMPATIBLE_INPUT_CANDIDATE	NOT_ESTABLISHED
121	538	2006gr	64	CFA3K	CfA3_DJ20	Pantheon+_Data/1_DATA/photometry/CfA3_DJ20/CFA3_KEPLERCAM_2006gr.DAT	0ff383a204bcb6934596db29afb1e0dbb2263b50	10907	1770b213c2b4bb5b726aeedb09f7af3713f186c371bd76650b0958a37324b54a	2006gr	PS1_LOWZ_COMBINED(CFA3K)	129	129	d8a65bebd161c9aec60139fdd6edea17d668211f16f064b578b724c67f9f95f4	1	0	FROZEN_CROSSWALK_COMPATIBLE_INPUT_CANDIDATE	NOT_ESTABLISHED
135	561	2008hj	5	CSP	CSPDR3_anthony	Pantheon+_Data/1_DATA/photometry/CSPDR3_anthony/CSPDR3_2008hj.DAT	e3aeea808ea4e48e6814b4702b7cb2300906a1dc	8781	bd1de6b261704125153c7daf55a9c2628b795fcff53fa8253d758dcd8551297e	2008hj	CSP	127	127	04a849ce103078b7d41d76e28221a0c96e4e46033fb18f9f61fc38186e3f737a	1	0	FROZEN_CROSSWALK_COMPATIBLE_INPUT_CANDIDATE	NOT_ESTABLISHED
140	571	2001eh	63	CFA3S	CfA3_DJ20	Pantheon+_Data/1_DATA/photometry/CfA3_DJ20/CFA3_4SHOOTER2_2001eh.DAT	b25e124b2e0434027bf6571f4307903ab0be9a3d	8034	b31ab0d4f1121ff34bbb4d1164fcc6452217a619b8d412264758797faaa8b61d	2001eh	PS1_LOWZ_COMBINED(CFA3S)	93	93	736674c0d15627561cfe05ab8bae2d9497a2fb16b1351b6c49014e4b00703fee	1	0	FROZEN_CROSSWALK_COMPATIBLE_INPUT_CANDIDATE	NOT_ESTABLISHED
145	576	2007jg	5	CSP	CSPDR3_anthony	Pantheon+_Data/1_DATA/photometry/CSPDR3_anthony/CSPDR3_2007jg.DAT	d1a13a1733002d32c21d0b808cea0de36f46ecaa	7871	20d5be9f9ed65842a17ac2472ccec7be59a7ba5769c773dae78e031ec5434fc1	2007jg	CSP	113	113	0aefb7eb5a206cae5a8191431ccfde1a14a6f1f0adb5ecc029c7bc98350274ed	1	0	FROZEN_CROSSWALK_COMPATIBLE_INPUT_CANDIDATE	NOT_ESTABLISHED
148	581	2007O	64	CFA3K	CfA3_DJ20	Pantheon+_Data/1_DATA/photometry/CfA3_DJ20/CFA3_KEPLERCAM_2007O.DAT	100ed935eb04f260a03d99c46455729d868ed7a7	4986	b2b735372a425fe1c5a45cc48f35aa92df5afaf1decc770085854a2a694b4057	2007O	PS1_LOWZ_COMBINED(CFA3K)	55	55	41c964c145d4ddc533a1f26e80af347cb49060acb0c0a7a92b3b969b6f1799f1	1	0	FROZEN_CROSSWALK_COMPATIBLE_INPUT_CANDIDATE	NOT_ESTABLISHED
156	594	2003fa	63	CFA3S	CfA3_DJ20	Pantheon+_Data/1_DATA/photometry/CfA3_DJ20/CFA3_4SHOOTER2_2003fa.DAT	789dd0dc816321c56b831b19502d330f0527e46b	7954	817a02656cd4743687b442ca777fc81ee7a5eddf5e6d9ce10dc469488f54de29	2003fa	PS1_LOWZ_COMBINED(CFA3S)	92	92	7b3971a93fc41c7ea8855c07dbccfcdee1fd3e368114caaeb4fa6958894dba8c	1	0	FROZEN_CROSSWALK_COMPATIBLE_INPUT_CANDIDATE	NOT_ESTABLISHED
172	621	2005hc	64	CFA3K	CfA3_DJ20	Pantheon+_Data/1_DATA/photometry/CfA3_DJ20/CFA3_KEPLERCAM_2005hc.DAT	e17df52dae934ee1b3d2606a38208f573b61a8d2	9472	935cbaa80291c801b3f71822027289084e2400ce45c0d8a06ad8abe2c8e835f5	2005hc	PS1_LOWZ_COMBINED(CFA3K)	111	111	176a2f5423f44980ba7df1b251895fd9234f7bf873035b01172c1c34dfc73c4f	1	0	FROZEN_CROSSWALK_COMPATIBLE_INPUT_CANDIDATE	NOT_ESTABLISHED
173	622	2005hc	5	CSP	CSPDR3_anthony	Pantheon+_Data/1_DATA/photometry/CSPDR3_anthony/CSPDR3_2005hc.DAT	23a1052db3a092661978be885b91bf6ced950f54	11121	b13f82a3b94a665b9054b60ac3c0f8e1f01128da86d52285c75e4e032c0330fb	2005hc	CSP	163	163	e22b7c42cdd65759f9950389f9bd702c61cad992b46ea4754d78f11fd3cb6cfa	1	0	FROZEN_CROSSWALK_COMPATIBLE_INPUT_CANDIDATE	NOT_ESTABLISHED
177	630	2008cf	5	CSP	CSPDR3_anthony	Pantheon+_Data/1_DATA/photometry/CSPDR3_anthony/CSPDR3_2008cf.DAT	0ace2b20455ea785f0e1f8535c7e450028cff54e	6758	1b454580ee2ed6de40ba6e66f3797ed5021eb247d6878e075e6015c781664b8f	2008cf	CSP	96	96	7883158ee5d7ba7f376969c14704f128307361b49a15841a4e6693da3ede0da7	1	0	FROZEN_CROSSWALK_COMPATIBLE_INPUT_CANDIDATE	NOT_ESTABLISHED
204	680	2008bz	5	CSP	CSPDR3_anthony	Pantheon+_Data/1_DATA/photometry/CSPDR3_anthony/CSPDR3_2008bz.DAT	0f42bac3ecee8c3866e2405611e53b5b8eea1978	5073	646320fec71072f58670d0439e3f525fa569a2f7e1247460b024035c65bd9a1e	2008bz	CSP	70	70	fcc74f494813102e4702bfaccddbf213c15f8df38d747d35a62b56dbb71c10b8	1	0	FROZEN_CROSSWALK_COMPATIBLE_INPUT_CANDIDATE	NOT_ESTABLISHED
