CID	row_count	h0dn_rows_1based	IDSURVEY_codes	survey_labels	row_lineage_statuses	row_lineage_status_interpretations	unique_resolved_row_count	unique_compatible_candidate_row_count	distinct_resolved_file_sha256_count	distinct_compatible_candidate_sha256_count	pair_count	resolved_pair_count	compatible_candidate_pair_count	pairs_with_byte_identical_observation_lines	maximum_shared_exact_observation_line_count	group_lineage_classification	group_lineage_classification_legacy	group_lineage_interpretation	evidence_level	direct_final_measurement_ancestry
2009cz	2	1;2	56;5	SOUSA;CSP	UNIQUE_ACTIVE_PUBLIC_PHOTOMETRY_FILE;UNIQUE_ACTIVE_PUBLIC_PHOTOMETRY_FILE	UNIQUE_FROZEN_CROSSWALK_COMPATIBLE_INPUT_CANDIDATE;UNIQUE_FROZEN_CROSSWALK_COMPATIBLE_INPUT_CANDIDATE	2	2	2	2	1	1	1	0	0	ALL_ROWS_UNIQUE_DISTINCT_PUBLIC_PHOTOMETRY_FILES	ALL_ROWS_UNIQUE_DISTINCT_PUBLIC_PHOTOMETRY_FILES	ALL_ROWS_HAVE_DISTINCT_UNIQUE_FROZEN_CROSSWALK_COMPATIBLE_INPUT_CANDIDATES	FROZEN_CROSSWALK_COMPATIBLE_INPUT_CANDIDATE	NOT_ESTABLISHED
2007qe	2	5;6	57;64	LOSS2;CFA3K	NO_ACTIVE_PUBLIC_PHOTOMETRY_FILE;UNIQUE_ACTIVE_PUBLIC_PHOTOMETRY_FILE	NO_FROZEN_CROSSWALK_COMPATIBLE_INPUT_CANDIDATE;UNIQUE_FROZEN_CROSSWALK_COMPATIBLE_INPUT_CANDIDATE	1	1	1	1	1	0	0	0		PUBLIC_PHOTOMETRY_LINEAGE_UNRESOLVED	PUBLIC_PHOTOMETRY_LINEAGE_UNRESOLVED	ONE_OR_MORE_ROWS_LACK_A_UNIQUE_FROZEN_CROSSWALK_COMPATIBLE_INPUT_CANDIDATE	FROZEN_CROSSWALK_COMPATIBLE_INPUT_CANDIDATE	NOT_ESTABLISHED
2007F	2	14;15	51;64	LOSS1;CFA3K	NO_ACTIVE_PUBLIC_PHOTOMETRY_FILE;UNIQUE_ACTIVE_PUBLIC_PHOTOMETRY_FILE	NO_FROZEN_CROSSWALK_COMPATIBLE_INPUT_CANDIDATE;UNIQUE_FROZEN_CROSSWALK_COMPATIBLE_INPUT_CANDIDATE	1	1	1	1	1	0	0	0		PUBLIC_PHOTOMETRY_LINEAGE_UNRESOLVED	PUBLIC_PHOTOMETRY_LINEAGE_UNRESOLVED	ONE_OR_MORE_ROWS_LACK_A_UNIQUE_FROZEN_CROSSWALK_COMPATIBLE_INPUT_CANDIDATE	FROZEN_CROSSWALK_COMPATIBLE_INPUT_CANDIDATE	NOT_ESTABLISHED
2006ac	2	16;17	57;64	LOSS2;CFA3K	NO_ACTIVE_PUBLIC_PHOTOMETRY_FILE;UNIQUE_ACTIVE_PUBLIC_PHOTOMETRY_FILE	NO_FROZEN_CROSSWALK_COMPATIBLE_INPUT_CANDIDATE;UNIQUE_FROZEN_CROSSWALK_COMPATIBLE_INPUT_CANDIDATE	1	1	1	1	1	0	0	0		PUBLIC_PHOTOMETRY_LINEAGE_UNRESOLVED	PUBLIC_PHOTOMETRY_LINEAGE_UNRESOLVED	ONE_OR_MORE_ROWS_LACK_A_UNIQUE_FROZEN_CROSSWALK_COMPATIBLE_INPUT_CANDIDATE	FROZEN_CROSSWALK_COMPATIBLE_INPUT_CANDIDATE	NOT_ESTABLISHED
2009D	3	20;21;22	5;51;65	CSP;LOSS1;CFA4p2	UNIQUE_ACTIVE_PUBLIC_PHOTOMETRY_FILE;NO_ACTIVE_PUBLIC_PHOTOMETRY_FILE;NO_ACTIVE_PUBLIC_PHOTOMETRY_FILE	UNIQUE_FROZEN_CROSSWALK_COMPATIBLE_INPUT_CANDIDATE;NO_FROZEN_CROSSWALK_COMPATIBLE_INPUT_CANDIDATE;NO_FROZEN_CROSSWALK_COMPATIBLE_INPUT_CANDIDATE	1	1	1	1	3	0	0	0		PUBLIC_PHOTOMETRY_LINEAGE_UNRESOLVED	PUBLIC_PHOTOMETRY_LINEAGE_UNRESOLVED	ONE_OR_MORE_ROWS_LACK_A_UNIQUE_FROZEN_CROSSWALK_COMPATIBLE_INPUT_CANDIDATE	FROZEN_CROSSWALK_COMPATIBLE_INPUT_CANDIDATE	NOT_ESTABLISHED
2007cq	3	28;29;31	56;64;57	SOUSA;CFA3K;LOSS2	UNIQUE_ACTIVE_PUBLIC_PHOTOMETRY_FILE;UNIQUE_ACTIVE_PUBLIC_PHOTOMETRY_FILE;NO_ACTIVE_PUBLIC_PHOTOMETRY_FILE	UNIQUE_FROZEN_CROSSWALK_COMPATIBLE_INPUT_CANDIDATE;UNIQUE_FROZEN_CROSSWALK_COMPATIBLE_INPUT_CANDIDATE;NO_FROZEN_CROSSWALK_COMPATIBLE_INPUT_CANDIDATE	2	2	2	2	3	1	1	0	0	PUBLIC_PHOTOMETRY_LINEAGE_UNRESOLVED	PUBLIC_PHOTOMETRY_LINEAGE_UNRESOLVED	ONE_OR_MORE_ROWS_LACK_A_UNIQUE_FROZEN_CROSSWALK_COMPATIBLE_INPUT_CANDIDATE	FROZEN_CROSSWALK_COMPATIBLE_INPUT_CANDIDATE	NOT_ESTABLISHED
2005M	3	40;41;42	57;5;64	LOSS2;CSP;CFA3K	NO_ACTIVE_PUBLIC_PHOTOMETRY_FILE;UNIQUE_ACTIVE_PUBLIC_PHOTOMETRY_FILE;UNIQUE_ACTIVE_PUBLIC_PHOTOMETRY_FILE	NO_FROZEN_CROSSWALK_COMPATIBLE_INPUT_CANDIDATE;UNIQUE_FROZEN_CROSSWALK_COMPATIBLE_INPUT_CANDIDATE;UNIQUE_FROZEN_CROSSWALK_COMPATIBLE_INPUT_CANDIDATE	2	2	2	2	3	1	1	0	0	PUBLIC_PHOTOMETRY_LINEAGE_UNRESOLVED	PUBLIC_PHOTOMETRY_LINEAGE_UNRESOLVED	ONE_OR_MORE_ROWS_LACK_A_UNIQUE_FROZEN_CROSSWALK_COMPATIBLE_INPUT_CANDIDATE	FROZEN_CROSSWALK_COMPATIBLE_INPUT_CANDIDATE	NOT_ESTABLISHED
1999gp	2	45;46	62;57	CFA2;LOSS2	UNIQUE_ACTIVE_PUBLIC_PHOTOMETRY_FILE;NO_ACTIVE_PUBLIC_PHOTOMETRY_FILE	UNIQUE_FROZEN_CROSSWALK_COMPATIBLE_INPUT_CANDIDATE;NO_FROZEN_CROSSWALK_COMPATIBLE_INPUT_CANDIDATE	1	1	1	1	1	0	0	0		PUBLIC_PHOTOMETRY_LINEAGE_UNRESOLVED	PUBLIC_PHOTOMETRY_LINEAGE_UNRESOLVED	ONE_OR_MORE_ROWS_LACK_A_UNIQUE_FROZEN_CROSSWALK_COMPATIBLE_INPUT_CANDIDATE	FROZEN_CROSSWALK_COMPATIBLE_INPUT_CANDIDATE	NOT_ESTABLISHED
2007co	3	50;51;52	57;56;64	LOSS2;SOUSA;CFA3K	NO_ACTIVE_PUBLIC_PHOTOMETRY_FILE;UNIQUE_ACTIVE_PUBLIC_PHOTOMETRY_FILE;UNIQUE_ACTIVE_PUBLIC_PHOTOMETRY_FILE	NO_FROZEN_CROSSWALK_COMPATIBLE_INPUT_CANDIDATE;UNIQUE_FROZEN_CROSSWALK_COMPATIBLE_INPUT_CANDIDATE;UNIQUE_FROZEN_CROSSWALK_COMPATIBLE_INPUT_CANDIDATE	2	2	2	2	3	1	1	0	0	PUBLIC_PHOTOMETRY_LINEAGE_UNRESOLVED	PUBLIC_PHOTOMETRY_LINEAGE_UNRESOLVED	ONE_OR_MORE_ROWS_LACK_A_UNIQUE_FROZEN_CROSSWALK_COMPATIBLE_INPUT_CANDIDATE	FROZEN_CROSSWALK_COMPATIBLE_INPUT_CANDIDATE	NOT_ESTABLISHED
2005na	3	54;55;56	5;64;57	CSP;CFA3K;LOSS2	UNIQUE_ACTIVE_PUBLIC_PHOTOMETRY_FILE;UNIQUE_ACTIVE_PUBLIC_PHOTOMETRY_FILE;NO_ACTIVE_PUBLIC_PHOTOMETRY_FILE	UNIQUE_FROZEN_CROSSWALK_COMPATIBLE_INPUT_CANDIDATE;UNIQUE_FROZEN_CROSSWALK_COMPATIBLE_INPUT_CANDIDATE;NO_FROZEN_CROSSWALK_COMPATIBLE_INPUT_CANDIDATE	2	2	2	2	3	1	1	0	0	PUBLIC_PHOTOMETRY_LINEAGE_UNRESOLVED	PUBLIC_PHOTOMETRY_LINEAGE_UNRESOLVED	ONE_OR_MORE_ROWS_LACK_A_UNIQUE_FROZEN_CROSSWALK_COMPATIBLE_INPUT_CANDIDATE	FROZEN_CROSSWALK_COMPATIBLE_INPUT_CANDIDATE	NOT_ESTABLISHED
2005eq	3	61;62;63	57;5;64	LOSS2;CSP;CFA3K	NO_ACTIVE_PUBLIC_PHOTOMETRY_FILE;UNIQUE_ACTIVE_PUBLIC_PHOTOMETRY_FILE;UNIQUE_ACTIVE_PUBLIC_PHOTOMETRY_FILE	NO_FROZEN_CROSSWALK_COMPATIBLE_INPUT_CANDIDATE;UNIQUE_FROZEN_CROSSWALK_COMPATIBLE_INPUT_CANDIDATE;UNIQUE_FROZEN_CROSSWALK_COMPATIBLE_INPUT_CANDIDATE	2	2	2	2	3	1	1	0	0	PUBLIC_PHOTOMETRY_LINEAGE_UNRESOLVED	PUBLIC_PHOTOMETRY_LINEAGE_UNRESOLVED	ONE_OR_MORE_ROWS_LACK_A_UNIQUE_FROZEN_CROSSWALK_COMPATIBLE_INPUT_CANDIDATE	FROZEN_CROSSWALK_COMPATIBLE_INPUT_CANDIDATE	NOT_ESTABLISHED
2009ad	2	64;65	65;5	CFA4p2;CSP	NO_ACTIVE_PUBLIC_PHOTOMETRY_FILE;UNIQUE_ACTIVE_PUBLIC_PHOTOMETRY_FILE	NO_FROZEN_CROSSWALK_COMPATIBLE_INPUT_CANDIDATE;UNIQUE_FROZEN_CROSSWALK_COMPATIBLE_INPUT_CANDIDATE	1	1	1	1	1	0	0	0		PUBLIC_PHOTOMETRY_LINEAGE_UNRESOLVED	PUBLIC_PHOTOMETRY_LINEAGE_UNRESOLVED	ONE_OR_MORE_ROWS_LACK_A_UNIQUE_FROZEN_CROSSWALK_COMPATIBLE_INPUT_CANDIDATE	FROZEN_CROSSWALK_COMPATIBLE_INPUT_CANDIDATE	NOT_ESTABLISHED
2008ar	3	66;67;68	57;5;65	LOSS2;CSP;CFA4p2	NO_ACTIVE_PUBLIC_PHOTOMETRY_FILE;UNIQUE_ACTIVE_PUBLIC_PHOTOMETRY_FILE;NO_ACTIVE_PUBLIC_PHOTOMETRY_FILE	NO_FROZEN_CROSSWALK_COMPATIBLE_INPUT_CANDIDATE;UNIQUE_FROZEN_CROSSWALK_COMPATIBLE_INPUT_CANDIDATE;NO_FROZEN_CROSSWALK_COMPATIBLE_INPUT_CANDIDATE	1	1	1	1	3	0	0	0		PUBLIC_PHOTOMETRY_LINEAGE_UNRESOLVED	PUBLIC_PHOTOMETRY_LINEAGE_UNRESOLVED	ONE_OR_MORE_ROWS_LACK_A_UNIQUE_FROZEN_CROSSWALK_COMPATIBLE_INPUT_CANDIDATE	FROZEN_CROSSWALK_COMPATIBLE_INPUT_CANDIDATE	NOT_ESTABLISHED
2004ef	3	81;82;83	57;5;64	LOSS2;CSP;CFA3K	NO_ACTIVE_PUBLIC_PHOTOMETRY_FILE;UNIQUE_ACTIVE_PUBLIC_PHOTOMETRY_FILE;UNIQUE_ACTIVE_PUBLIC_PHOTOMETRY_FILE	NO_FROZEN_CROSSWALK_COMPATIBLE_INPUT_CANDIDATE;UNIQUE_FROZEN_CROSSWALK_COMPATIBLE_INPUT_CANDIDATE;UNIQUE_FROZEN_CROSSWALK_COMPATIBLE_INPUT_CANDIDATE	2	2	2	2	3	1	1	0	0	PUBLIC_PHOTOMETRY_LINEAGE_UNRESOLVED	PUBLIC_PHOTOMETRY_LINEAGE_UNRESOLVED	ONE_OR_MORE_ROWS_LACK_A_UNIQUE_FROZEN_CROSSWALK_COMPATIBLE_INPUT_CANDIDATE	FROZEN_CROSSWALK_COMPATIBLE_INPUT_CANDIDATE	NOT_ESTABLISHED
2008gg	2	87;88	51;5	LOSS1;CSP	NO_ACTIVE_PUBLIC_PHOTOMETRY_FILE;UNIQUE_ACTIVE_PUBLIC_PHOTOMETRY_FILE	NO_FROZEN_CROSSWALK_COMPATIBLE_INPUT_CANDIDATE;UNIQUE_FROZEN_CROSSWALK_COMPATIBLE_INPUT_CANDIDATE	1	1	1	1	1	0	0	0		PUBLIC_PHOTOMETRY_LINEAGE_UNRESOLVED	PUBLIC_PHOTOMETRY_LINEAGE_UNRESOLVED	ONE_OR_MORE_ROWS_LACK_A_UNIQUE_FROZEN_CROSSWALK_COMPATIBLE_INPUT_CANDIDATE	FROZEN_CROSSWALK_COMPATIBLE_INPUT_CANDIDATE	NOT_ESTABLISHED
2007bd	3	90;91;92	51;5;64	LOSS1;CSP;CFA3K	NO_ACTIVE_PUBLIC_PHOTOMETRY_FILE;UNIQUE_ACTIVE_PUBLIC_PHOTOMETRY_FILE;UNIQUE_ACTIVE_PUBLIC_PHOTOMETRY_FILE	NO_FROZEN_CROSSWALK_COMPATIBLE_INPUT_CANDIDATE;UNIQUE_FROZEN_CROSSWALK_COMPATIBLE_INPUT_CANDIDATE;UNIQUE_FROZEN_CROSSWALK_COMPATIBLE_INPUT_CANDIDATE	2	2	2	2	3	1	1	0	0	PUBLIC_PHOTOMETRY_LINEAGE_UNRESOLVED	PUBLIC_PHOTOMETRY_LINEAGE_UNRESOLVED	ONE_OR_MORE_ROWS_LACK_A_UNIQUE_FROZEN_CROSSWALK_COMPATIBLE_INPUT_CANDIDATE	FROZEN_CROSSWALK_COMPATIBLE_INPUT_CANDIDATE	NOT_ESTABLISHED
2006en	2	97;98	57;64	LOSS2;CFA3K	NO_ACTIVE_PUBLIC_PHOTOMETRY_FILE;UNIQUE_ACTIVE_PUBLIC_PHOTOMETRY_FILE	NO_FROZEN_CROSSWALK_COMPATIBLE_INPUT_CANDIDATE;UNIQUE_FROZEN_CROSSWALK_COMPATIBLE_INPUT_CANDIDATE	1	1	1	1	1	0	0	0		PUBLIC_PHOTOMETRY_LINEAGE_UNRESOLVED	PUBLIC_PHOTOMETRY_LINEAGE_UNRESOLVED	ONE_OR_MORE_ROWS_LACK_A_UNIQUE_FROZEN_CROSSWALK_COMPATIBLE_INPUT_CANDIDATE	FROZEN_CROSSWALK_COMPATIBLE_INPUT_CANDIDATE	NOT_ESTABLISHED
2004as	2	109;110	57;63	LOSS2;CFA3S	NO_ACTIVE_PUBLIC_PHOTOMETRY_FILE;UNIQUE_ACTIVE_PUBLIC_PHOTOMETRY_FILE	NO_FROZEN_CROSSWALK_COMPATIBLE_INPUT_CANDIDATE;UNIQUE_FROZEN_CROSSWALK_COMPATIBLE_INPUT_CANDIDATE	1	1	1	1	1	0	0	0		PUBLIC_PHOTOMETRY_LINEAGE_UNRESOLVED	PUBLIC_PHOTOMETRY_LINEAGE_UNRESOLVED	ONE_OR_MORE_ROWS_LACK_A_UNIQUE_FROZEN_CROSSWALK_COMPATIBLE_INPUT_CANDIDATE	FROZEN_CROSSWALK_COMPATIBLE_INPUT_CANDIDATE	NOT_ESTABLISHED
2005iq	2	113;114	64;5	CFA3K;CSP	UNIQUE_ACTIVE_PUBLIC_PHOTOMETRY_FILE;UNIQUE_ACTIVE_PUBLIC_PHOTOMETRY_FILE	UNIQUE_FROZEN_CROSSWALK_COMPATIBLE_INPUT_CANDIDATE;UNIQUE_FROZEN_CROSSWALK_COMPATIBLE_INPUT_CANDIDATE	2	2	2	2	1	1	1	0	0	ALL_ROWS_UNIQUE_DISTINCT_PUBLIC_PHOTOMETRY_FILES	ALL_ROWS_UNIQUE_DISTINCT_PUBLIC_PHOTOMETRY_FILES	ALL_ROWS_HAVE_DISTINCT_UNIQUE_FROZEN_CROSSWALK_COMPATIBLE_INPUT_CANDIDATES	FROZEN_CROSSWALK_COMPATIBLE_INPUT_CANDIDATE	NOT_ESTABLISHED
2006gr	2	120;121	57;64	LOSS2;CFA3K	NO_ACTIVE_PUBLIC_PHOTOMETRY_FILE;UNIQUE_ACTIVE_PUBLIC_PHOTOMETRY_FILE	NO_FROZEN_CROSSWALK_COMPATIBLE_INPUT_CANDIDATE;UNIQUE_FROZEN_CROSSWALK_COMPATIBLE_INPUT_CANDIDATE	1	1	1	1	1	0	0	0		PUBLIC_PHOTOMETRY_LINEAGE_UNRESOLVED	PUBLIC_PHOTOMETRY_LINEAGE_UNRESOLVED	ONE_OR_MORE_ROWS_LACK_A_UNIQUE_FROZEN_CROSSWALK_COMPATIBLE_INPUT_CANDIDATE	FROZEN_CROSSWALK_COMPATIBLE_INPUT_CANDIDATE	NOT_ESTABLISHED
2008hj	2	135;136	5;65	CSP;CFA4p2	UNIQUE_ACTIVE_PUBLIC_PHOTOMETRY_FILE;NO_ACTIVE_PUBLIC_PHOTOMETRY_FILE	UNIQUE_FROZEN_CROSSWALK_COMPATIBLE_INPUT_CANDIDATE;NO_FROZEN_CROSSWALK_COMPATIBLE_INPUT_CANDIDATE	1	1	1	1	1	0	0	0		PUBLIC_PHOTOMETRY_LINEAGE_UNRESOLVED	PUBLIC_PHOTOMETRY_LINEAGE_UNRESOLVED	ONE_OR_MORE_ROWS_LACK_A_UNIQUE_FROZEN_CROSSWALK_COMPATIBLE_INPUT_CANDIDATE	FROZEN_CROSSWALK_COMPATIBLE_INPUT_CANDIDATE	NOT_ESTABLISHED
2001eh	2	139;140	57;63	LOSS2;CFA3S	NO_ACTIVE_PUBLIC_PHOTOMETRY_FILE;UNIQUE_ACTIVE_PUBLIC_PHOTOMETRY_FILE	NO_FROZEN_CROSSWALK_COMPATIBLE_INPUT_CANDIDATE;UNIQUE_FROZEN_CROSSWALK_COMPATIBLE_INPUT_CANDIDATE	1	1	1	1	1	0	0	0		PUBLIC_PHOTOMETRY_LINEAGE_UNRESOLVED	PUBLIC_PHOTOMETRY_LINEAGE_UNRESOLVED	ONE_OR_MORE_ROWS_LACK_A_UNIQUE_FROZEN_CROSSWALK_COMPATIBLE_INPUT_CANDIDATE	FROZEN_CROSSWALK_COMPATIBLE_INPUT_CANDIDATE	NOT_ESTABLISHED
2007jg	2	144;145	51;5	LOSS1;CSP	NO_ACTIVE_PUBLIC_PHOTOMETRY_FILE;UNIQUE_ACTIVE_PUBLIC_PHOTOMETRY_FILE	NO_FROZEN_CROSSWALK_COMPATIBLE_INPUT_CANDIDATE;UNIQUE_FROZEN_CROSSWALK_COMPATIBLE_INPUT_CANDIDATE	1	1	1	1	1	0	0	0		PUBLIC_PHOTOMETRY_LINEAGE_UNRESOLVED	PUBLIC_PHOTOMETRY_LINEAGE_UNRESOLVED	ONE_OR_MORE_ROWS_LACK_A_UNIQUE_FROZEN_CROSSWALK_COMPATIBLE_INPUT_CANDIDATE	FROZEN_CROSSWALK_COMPATIBLE_INPUT_CANDIDATE	NOT_ESTABLISHED
2007O	2	147;148	57;64	LOSS2;CFA3K	NO_ACTIVE_PUBLIC_PHOTOMETRY_FILE;UNIQUE_ACTIVE_PUBLIC_PHOTOMETRY_FILE	NO_FROZEN_CROSSWALK_COMPATIBLE_INPUT_CANDIDATE;UNIQUE_FROZEN_CROSSWALK_COMPATIBLE_INPUT_CANDIDATE	1	1	1	1	1	0	0	0		PUBLIC_PHOTOMETRY_LINEAGE_UNRESOLVED	PUBLIC_PHOTOMETRY_LINEAGE_UNRESOLVED	ONE_OR_MORE_ROWS_LACK_A_UNIQUE_FROZEN_CROSSWALK_COMPATIBLE_INPUT_CANDIDATE	FROZEN_CROSSWALK_COMPATIBLE_INPUT_CANDIDATE	NOT_ESTABLISHED
2003fa	2	155;156	57;63	LOSS2;CFA3S	NO_ACTIVE_PUBLIC_PHOTOMETRY_FILE;UNIQUE_ACTIVE_PUBLIC_PHOTOMETRY_FILE	NO_FROZEN_CROSSWALK_COMPATIBLE_INPUT_CANDIDATE;UNIQUE_FROZEN_CROSSWALK_COMPATIBLE_INPUT_CANDIDATE	1	1	1	1	1	0	0	0		PUBLIC_PHOTOMETRY_LINEAGE_UNRESOLVED	PUBLIC_PHOTOMETRY_LINEAGE_UNRESOLVED	ONE_OR_MORE_ROWS_LACK_A_UNIQUE_FROZEN_CROSSWALK_COMPATIBLE_INPUT_CANDIDATE	FROZEN_CROSSWALK_COMPATIBLE_INPUT_CANDIDATE	NOT_ESTABLISHED
2007kk	2	163;164	51;65	LOSS1;CFA4p2	NO_ACTIVE_PUBLIC_PHOTOMETRY_FILE;NO_ACTIVE_PUBLIC_PHOTOMETRY_FILE	NO_FROZEN_CROSSWALK_COMPATIBLE_INPUT_CANDIDATE;NO_FROZEN_CROSSWALK_COMPATIBLE_INPUT_CANDIDATE	0	0	0	0	1	0	0	0		PUBLIC_PHOTOMETRY_LINEAGE_UNRESOLVED	PUBLIC_PHOTOMETRY_LINEAGE_UNRESOLVED	ONE_OR_MORE_ROWS_LACK_A_UNIQUE_FROZEN_CROSSWALK_COMPATIBLE_INPUT_CANDIDATE	FROZEN_CROSSWALK_COMPATIBLE_INPUT_CANDIDATE	NOT_ESTABLISHED
2005hc	2	172;173	64;5	CFA3K;CSP	UNIQUE_ACTIVE_PUBLIC_PHOTOMETRY_FILE;UNIQUE_ACTIVE_PUBLIC_PHOTOMETRY_FILE	UNIQUE_FROZEN_CROSSWALK_COMPATIBLE_INPUT_CANDIDATE;UNIQUE_FROZEN_CROSSWALK_COMPATIBLE_INPUT_CANDIDATE	2	2	2	2	1	1	1	0	0	ALL_ROWS_UNIQUE_DISTINCT_PUBLIC_PHOTOMETRY_FILES	ALL_ROWS_UNIQUE_DISTINCT_PUBLIC_PHOTOMETRY_FILES	ALL_ROWS_HAVE_DISTINCT_UNIQUE_FROZEN_CROSSWALK_COMPATIBLE_INPUT_CANDIDATES	FROZEN_CROSSWALK_COMPATIBLE_INPUT_CANDIDATE	NOT_ESTABLISHED
2008cf	2	177;178	5;65	CSP;CFA4p2	UNIQUE_ACTIVE_PUBLIC_PHOTOMETRY_FILE;NO_ACTIVE_PUBLIC_PHOTOMETRY_FILE	UNIQUE_FROZEN_CROSSWALK_COMPATIBLE_INPUT_CANDIDATE;NO_FROZEN_CROSSWALK_COMPATIBLE_INPUT_CANDIDATE	1	1	1	1	1	0	0	0		PUBLIC_PHOTOMETRY_LINEAGE_UNRESOLVED	PUBLIC_PHOTOMETRY_LINEAGE_UNRESOLVED	ONE_OR_MORE_ROWS_LACK_A_UNIQUE_FROZEN_CROSSWALK_COMPATIBLE_INPUT_CANDIDATE	FROZEN_CROSSWALK_COMPATIBLE_INPUT_CANDIDATE	NOT_ESTABLISHED
2008bz	2	204;205	5;65	CSP;CFA4p2	UNIQUE_ACTIVE_PUBLIC_PHOTOMETRY_FILE;NO_ACTIVE_PUBLIC_PHOTOMETRY_FILE	UNIQUE_FROZEN_CROSSWALK_COMPATIBLE_INPUT_CANDIDATE;NO_FROZEN_CROSSWALK_COMPATIBLE_INPUT_CANDIDATE	1	1	1	1	1	0	0	0		PUBLIC_PHOTOMETRY_LINEAGE_UNRESOLVED	PUBLIC_PHOTOMETRY_LINEAGE_UNRESOLVED	ONE_OR_MORE_ROWS_LACK_A_UNIQUE_FROZEN_CROSSWALK_COMPATIBLE_INPUT_CANDIDATE	FROZEN_CROSSWALK_COMPATIBLE_INPUT_CANDIDATE	NOT_ESTABLISHED
2008Y	2	213;214	51;65	LOSS1;CFA4p2	NO_ACTIVE_PUBLIC_PHOTOMETRY_FILE;NO_ACTIVE_PUBLIC_PHOTOMETRY_FILE	NO_FROZEN_CROSSWALK_COMPATIBLE_INPUT_CANDIDATE;NO_FROZEN_CROSSWALK_COMPATIBLE_INPUT_CANDIDATE	0	0	0	0	1	0	0	0		PUBLIC_PHOTOMETRY_LINEAGE_UNRESOLVED	PUBLIC_PHOTOMETRY_LINEAGE_UNRESOLVED	ONE_OR_MORE_ROWS_LACK_A_UNIQUE_FROZEN_CROSSWALK_COMPATIBLE_INPUT_CANDIDATE	FROZEN_CROSSWALK_COMPATIBLE_INPUT_CANDIDATE	NOT_ESTABLISHED
