edge	metric	burn_fraction_per_chain	directed_forward_baryon_share	directed_reverse_baryon_share	directed_baryon_share_spread	directed_baryon_share_mean	symmetric_baryon_share	symmetric_minus_directed_mean	symmetric_within_directed_share_range	directed_forward_classification	directed_reverse_classification	symmetric_classification	directed_pair_agrees	comparison_classification
BASE_TO_ACT	ARITHMETIC_COVARIANCE_POOL	0.3	0.7031180978217109	0.7931012471561054	0.08998314933439455	0.7481096724889081	0.7136272650470403	-0.03448240744186781	True	ORDER_SENSITIVE	ORDER_SENSITIVE	ORDER_SENSITIVE	True	DIRECTED_CONSENSUS_PRESERVED
BASE_TO_ACT	PRECISION_MEAN_POOL	0.3	0.7031180978217109	0.7931012471561054	0.08998314933439455	0.7481096724889081	0.7795586868139797	0.03144901432507152	True	ORDER_SENSITIVE	ORDER_SENSITIVE	ORDER_SENSITIVE	True	DIRECTED_CONSENSUS_PRESERVED
BASE_TO_ACT	ARITHMETIC_COVARIANCE_POOL	0.5	0.7114098878007524	0.8012241349439815	0.08981424714322905	0.756317011372367	0.7225769947616684	-0.03374001661069859	True	ORDER_SENSITIVE	ORDER_SENSITIVE	ORDER_SENSITIVE	True	DIRECTED_CONSENSUS_PRESERVED
BASE_TO_ACT	PRECISION_MEAN_POOL	0.5	0.7114098878007524	0.8012241349439815	0.08981424714322905	0.756317011372367	0.7875799588428556	0.03126294747048863	True	ORDER_SENSITIVE	ORDER_SENSITIVE	ORDER_SENSITIVE	True	DIRECTED_CONSENSUS_PRESERVED
BASE_TO_PR4	ARITHMETIC_COVARIANCE_POOL	0.3	0.35878006971554505	0.7155206352441857	0.3567405655286407	0.5371503524798654	0.39029231042962353	-0.1468580420502419	True	ORDER_SENSITIVE	BARYON_TILT_DOMINANT	ORDER_SENSITIVE	False	DIRECTED_DISAGREEMENT_SYMMETRIC_MATCHES_FORWARD
BASE_TO_PR4	PRECISION_MEAN_POOL	0.3	0.35878006971554505	0.7155206352441857	0.3567405655286407	0.5371503524798654	0.6782947053576093	0.14114435287774385	True	ORDER_SENSITIVE	BARYON_TILT_DOMINANT	BARYON_TILT_DOMINANT	False	DIRECTED_DISAGREEMENT_SYMMETRIC_MATCHES_REVERSE
BASE_TO_PR4	ARITHMETIC_COVARIANCE_POOL	0.5	0.36762458048211333	0.7282069477350718	0.36058236725295845	0.5479157641085926	0.4007135630900536	-0.14720220101853893	True	ORDER_SENSITIVE	BARYON_TILT_DOMINANT	ORDER_SENSITIVE	False	DIRECTED_DISAGREEMENT_SYMMETRIC_MATCHES_FORWARD
BASE_TO_PR4	PRECISION_MEAN_POOL	0.5	0.36762458048211333	0.7282069477350718	0.36058236725295845	0.5479157641085926	0.6907570865326623	0.14284132242406977	True	ORDER_SENSITIVE	BARYON_TILT_DOMINANT	BARYON_TILT_DOMINANT	False	DIRECTED_DISAGREEMENT_SYMMETRIC_MATCHES_REVERSE
BASE_TO_FULL_ORIGINAL	ARITHMETIC_COVARIANCE_POOL	0.3	0.45962556175031255	0.7139661265664495	0.254340564816137	0.586795844158381	0.4931897768400873	-0.09360606731829374	True	ORDER_SENSITIVE	BARYON_TILT_DOMINANT	ORDER_SENSITIVE	False	DIRECTED_DISAGREEMENT_SYMMETRIC_MATCHES_FORWARD
BASE_TO_FULL_ORIGINAL	PRECISION_MEAN_POOL	0.3	0.45962556175031255	0.7139661265664495	0.254340564816137	0.586795844158381	0.6987648431819554	0.11196899902357438	True	ORDER_SENSITIVE	BARYON_TILT_DOMINANT	BARYON_TILT_DOMINANT	False	DIRECTED_DISAGREEMENT_SYMMETRIC_MATCHES_REVERSE
BASE_TO_FULL_ORIGINAL	ARITHMETIC_COVARIANCE_POOL	0.5	0.4553319170933467	0.7125511452836946	0.25721922819034787	0.5839415311885207	0.49141605752599044	-0.09252547366253022	True	ORDER_SENSITIVE	BARYON_TILT_DOMINANT	ORDER_SENSITIVE	False	DIRECTED_DISAGREEMENT_SYMMETRIC_MATCHES_FORWARD
BASE_TO_FULL_ORIGINAL	PRECISION_MEAN_POOL	0.5	0.4553319170933467	0.7125511452836946	0.25721922819034787	0.5839415311885207	0.6966363830042399	0.11269485181571925	True	ORDER_SENSITIVE	BARYON_TILT_DOMINANT	BARYON_TILT_DOMINANT	False	DIRECTED_DISAGREEMENT_SYMMETRIC_MATCHES_REVERSE
BASE_TO_FULL_FIXED	ARITHMETIC_COVARIANCE_POOL	0.3	0.5087596118328714	0.8014002430912046	0.2926406312583332	0.655079927462038	0.5277057210922825	-0.1273742063697555	True	ORDER_SENSITIVE	BARYON_TILT_DOMINANT	ORDER_SENSITIVE	False	DIRECTED_DISAGREEMENT_SYMMETRIC_MATCHES_FORWARD
BASE_TO_FULL_FIXED	PRECISION_MEAN_POOL	0.3	0.5087596118328714	0.8014002430912046	0.2926406312583332	0.655079927462038	0.7812313004199548	0.12615137295791679	True	ORDER_SENSITIVE	BARYON_TILT_DOMINANT	BARYON_TILT_DOMINANT	False	DIRECTED_DISAGREEMENT_SYMMETRIC_MATCHES_REVERSE
BASE_TO_FULL_FIXED	ARITHMETIC_COVARIANCE_POOL	0.5	0.5050363197040555	0.8072613505750309	0.3022250308709754	0.6561488351395433	0.5254190781120925	-0.1307297570274507	True	ORDER_SENSITIVE	BARYON_TILT_DOMINANT	ORDER_SENSITIVE	False	DIRECTED_DISAGREEMENT_SYMMETRIC_MATCHES_FORWARD
BASE_TO_FULL_FIXED	PRECISION_MEAN_POOL	0.5	0.5050363197040555	0.8072613505750309	0.3022250308709754	0.6561488351395433	0.7875211626866201	0.13137232754707684	True	ORDER_SENSITIVE	BARYON_TILT_DOMINANT	BARYON_TILT_DOMINANT	False	DIRECTED_DISAGREEMENT_SYMMETRIC_MATCHES_REVERSE
ACT_TO_FULL_FIXED	ARITHMETIC_COVARIANCE_POOL	0.3	0.8561659981597634	0.9883319586728913	0.1321659605131279	0.9222489784163272	0.9480455178134817	0.025796539397154428	True	BARYON_TILT_DOMINANT	BARYON_TILT_DOMINANT	BARYON_TILT_DOMINANT	True	DIRECTED_CONSENSUS_PRESERVED
ACT_TO_FULL_FIXED	PRECISION_MEAN_POOL	0.3	0.8561659981597634	0.9883319586728913	0.1321659605131279	0.9222489784163272	0.9760172425331247	0.05376826411679747	True	BARYON_TILT_DOMINANT	BARYON_TILT_DOMINANT	BARYON_TILT_DOMINANT	True	DIRECTED_CONSENSUS_PRESERVED
ACT_TO_FULL_FIXED	ARITHMETIC_COVARIANCE_POOL	0.5	0.8635740096161231	0.98878207974495	0.12520807012882695	0.9261780446805365	0.9470308933085914	0.02085284862805481	True	BARYON_TILT_DOMINANT	BARYON_TILT_DOMINANT	BARYON_TILT_DOMINANT	True	DIRECTED_CONSENSUS_PRESERVED
ACT_TO_FULL_FIXED	PRECISION_MEAN_POOL	0.5	0.8635740096161231	0.98878207974495	0.12520807012882695	0.9261780446805365	0.9782104705656206	0.052032425885084055	True	BARYON_TILT_DOMINANT	BARYON_TILT_DOMINANT	BARYON_TILT_DOMINANT	True	DIRECTED_CONSENSUS_PRESERVED
PR4_TO_FULL_FIXED	ARITHMETIC_COVARIANCE_POOL	0.3	0.9869957228366903	0.9865805868763634	0.00041513596032694	0.9867881548565269	0.9875384926062306	0.0007503377497036778	False	BARYON_TILT_DOMINANT	BARYON_TILT_DOMINANT	BARYON_TILT_DOMINANT	True	DIRECTED_CONSENSUS_PRESERVED
PR4_TO_FULL_FIXED	PRECISION_MEAN_POOL	0.3	0.9869957228366903	0.9865805868763634	0.00041513596032694	0.9867881548565269	0.9875322389068089	0.0007440840502819235	False	BARYON_TILT_DOMINANT	BARYON_TILT_DOMINANT	BARYON_TILT_DOMINANT	True	DIRECTED_CONSENSUS_PRESERVED
PR4_TO_FULL_FIXED	ARITHMETIC_COVARIANCE_POOL	0.5	0.9801378811001795	0.9807092405942466	0.0005713594940670585	0.980423560847213	0.980832463610576	0.0004089027633629172	False	BARYON_TILT_DOMINANT	BARYON_TILT_DOMINANT	BARYON_TILT_DOMINANT	True	DIRECTED_CONSENSUS_PRESERVED
PR4_TO_FULL_FIXED	PRECISION_MEAN_POOL	0.5	0.9801378811001795	0.9807092405942466	0.0005713594940670585	0.980423560847213	0.9810921227835716	0.0006685619363585582	False	BARYON_TILT_DOMINANT	BARYON_TILT_DOMINANT	BARYON_TILT_DOMINANT	True	DIRECTED_CONSENSUS_PRESERVED
ORIGINAL_TO_FIXED_RELEASE	ARITHMETIC_COVARIANCE_POOL	0.3	0.2775641772408498	0.39365719052012343	0.11609301327927363	0.33561068388048665	0.36076588229851403	0.02515519841802738	True	TAU_AMPLITUDE_DOMINANT	TAU_AMPLITUDE_DOMINANT	TAU_AMPLITUDE_DOMINANT	True	DIRECTED_CONSENSUS_PRESERVED
ORIGINAL_TO_FIXED_RELEASE	PRECISION_MEAN_POOL	0.3	0.2775641772408498	0.39365719052012343	0.11609301327927363	0.33561068388048665	0.32667774401560157	-0.008932939864885081	True	TAU_AMPLITUDE_DOMINANT	TAU_AMPLITUDE_DOMINANT	TAU_AMPLITUDE_DOMINANT	True	DIRECTED_CONSENSUS_PRESERVED
ORIGINAL_TO_FIXED_RELEASE	ARITHMETIC_COVARIANCE_POOL	0.5	0.2909778775948465	0.40430645142348454	0.11332857382863804	0.3476421645091655	0.3740961322084795	0.026453967699313963	True	TAU_AMPLITUDE_DOMINANT	MIXED_BLOCK	TAU_AMPLITUDE_DOMINANT	False	DIRECTED_DISAGREEMENT_SYMMETRIC_MATCHES_FORWARD
ORIGINAL_TO_FIXED_RELEASE	PRECISION_MEAN_POOL	0.5	0.2909778775948465	0.40430645142348454	0.11332857382863804	0.3476421645091655	0.3394090386815159	-0.008233125827649623	True	TAU_AMPLITUDE_DOMINANT	MIXED_BLOCK	TAU_AMPLITUDE_DOMINANT	False	DIRECTED_DISAGREEMENT_SYMMETRIC_MATCHES_FORWARD
