edge	metric	burn_fraction_per_chain	omitted_endpoint	omitted_side	omitted_chain	full6d_mahalanobis_drift	conditional4d_mahalanobis_drift	conditional_fraction_drift	baryon_tilt_share_drift	order_sensitivity_drift	max_canonical_correlation_drift	decomposition_closure_error	shapley_closure_error	swap_invariance_max_error
BASE_TO_ACT	ARITHMETIC_COVARIANCE_POOL	0.3	SPT_BASE	ENDPOINT_A	CLASS.1.txt	-0.0060200355699140395	-0.008552128843576146	-0.0019904962355268285	-0.004543853835225264	0.004995364563470495	0.0023999808313813764	-1.7763568394002505e-15	0.0	0.0
BASE_TO_ACT	ARITHMETIC_COVARIANCE_POOL	0.3	SPT_BASE	ENDPOINT_A	CLASS.2.txt	0.00789882427023647	0.009403361368960805	0.0014355990926904205	-0.0022495569281609784	-0.0032381798594104394	-0.010229650237341459	-8.881784197001252e-16	0.0	0.0
BASE_TO_ACT	ARITHMETIC_COVARIANCE_POOL	0.3	SPT_BASE	ENDPOINT_A	CLASS.3.txt	0.002985914141153234	0.0029973349339234012	0.00018545791291446623	0.0037759401140829985	0.0020344082345660763	-0.0018743077712060074	0.0	0.0	0.0
BASE_TO_ACT	ARITHMETIC_COVARIANCE_POOL	0.3	SPT_BASE	ENDPOINT_A	CLASS.4.txt	0.043784725138962255	0.04775733490588019	0.005097587467620235	-0.005090539218286394	0.006749359875946326	-0.00019418278798077893	0.0	0.0	0.0
BASE_TO_ACT	ARITHMETIC_COVARIANCE_POOL	0.3	SPT_BASE	ENDPOINT_A	CLASS.5.txt	0.0113613108458539	0.01260569497538322	0.001473217596254961	0.014583195117824577	-0.0033449160530734656	0.00430131605473294	8.881784197001252e-16	0.0	0.0
BASE_TO_ACT	ARITHMETIC_COVARIANCE_POOL	0.3	SPT_BASE	ENDPOINT_A	CLASS.6.txt	-0.0535981941016308	-0.05766448731915297	-0.005916839356692738	-0.006439434065628191	-0.008751137544814047	0.005813650729961539	0.0	0.0	0.0
BASE_TO_ACT	ARITHMETIC_COVARIANCE_POOL	0.3	SPT_ACT	ENDPOINT_B	CLASS.1.txt	0.0014920709967061185	0.0034776442363382287	0.001365536812998669	-0.0025190394406060523	0.004847000282447944	0.00021071273185979678	0.0	0.0	0.0
BASE_TO_ACT	ARITHMETIC_COVARIANCE_POOL	0.3	SPT_ACT	ENDPOINT_B	CLASS.2.txt	-0.0051689960911041055	-0.002964654798621069	0.0011109964429381058	-0.0016940712068647112	0.0006817884275389652	0.000968958092500749	0.0	0.0	0.0
BASE_TO_ACT	ARITHMETIC_COVARIANCE_POOL	0.3	SPT_ACT	ENDPOINT_B	CLASS.3.txt	0.0009653685954522651	-0.001827655565961095	-0.001736576022816405	0.00033880859780055506	-0.0026656676891916864	-0.0009380497099181762	-1.7763568394002505e-15	0.0	0.0
BASE_TO_ACT	ARITHMETIC_COVARIANCE_POOL	0.3	SPT_ACT	ENDPOINT_B	CLASS.4.txt	-0.005281212628258203	-0.0049899315060990546	-0.00012832258689332576	0.0026023021112674405	-0.0017397990718539535	-0.0005245991862682375	-8.881784197001252e-16	0.0	0.0
BASE_TO_ACT	ARITHMETIC_COVARIANCE_POOL	0.3	SPT_ACT	ENDPOINT_B	CLASS.5.txt	0.007861176992139285	0.008635837665575963	0.0009650739597859559	-0.0028655300396170924	0.00020700929330008666	-0.001282343376435735	2.6645352591003757e-15	0.0	0.0
BASE_TO_ACT	ARITHMETIC_COVARIANCE_POOL	0.3	SPT_ACT	ENDPOINT_B	CLASS.6.txt	-0.000670751357845667	-0.000486259041158732	7.858392100179579e-05	-0.0005446325763034388	0.000672656253624837	2.844289923653598e-05	8.881784197001252e-16	0.0	0.0
BASE_TO_ACT	ARITHMETIC_COVARIANCE_POOL	0.3	SPT_ACT	ENDPOINT_B	CLASS.7.txt	-0.001677577542923192	-0.0018768000030235932	-0.00022838193191088152	0.0034029131525646905	-0.0007063016937482458	0.0013374186688684953	-1.7763568394002505e-15	0.0	0.0
BASE_TO_ACT	ARITHMETIC_COVARIANCE_POOL	0.3	SPT_ACT	ENDPOINT_B	CLASS.8.txt	0.003025361108462743	0.00047155953593192024	-0.0014590602477317915	0.0011030601461905487	-0.001445487628358777	0.00022075381155850504	8.881784197001252e-16	-8.881784197001252e-16	0.0
BASE_TO_ACT	PRECISION_MEAN_POOL	0.3	SPT_BASE	ENDPOINT_A	CLASS.1.txt	0.002706399412260474	0.003988743814101081	0.0006627968266444961	-0.0023941655612208512	0.0035163965161542077	0.0006780608375372976	-5.329070518200751e-15	-1.7763568394002505e-15	0.0
BASE_TO_ACT	PRECISION_MEAN_POOL	0.3	SPT_BASE	ENDPOINT_A	CLASS.2.txt	-0.0018230812942245933	0.0008339827819381362	0.0011051683499856413	-0.0003797750656565624	-8.023164711279396e-05	-0.0025278756297105742	0.0	0.0	0.0
BASE_TO_ACT	PRECISION_MEAN_POOL	0.3	SPT_BASE	ENDPOINT_A	CLASS.3.txt	0.008531329473251859	0.006561238535792935	-0.0005570495891696892	0.004504467798912559	-0.002708393203608994	-0.00045333676998993155	1.7763568394002505e-15	0.0	0.0
BASE_TO_ACT	PRECISION_MEAN_POOL	0.3	SPT_BASE	ENDPOINT_A	CLASS.4.txt	0.02359578376030491	0.02945723417024082	0.0034223673869563376	-0.003595369125490633	0.0022139632010228505	-0.0002461081693090339	1.7763568394002505e-15	0.0	0.0
BASE_TO_ACT	PRECISION_MEAN_POOL	0.3	SPT_BASE	ENDPOINT_A	CLASS.5.txt	0.0015879920456711716	0.0006557001825062692	-0.0003528941740215119	0.00568363314913245	-0.002961499569524406	0.0017507035155498452	5.329070518200751e-15	0.0	0.0
BASE_TO_ACT	PRECISION_MEAN_POOL	0.3	SPT_BASE	ENDPOINT_A	CLASS.6.txt	-0.03195479377517074	-0.03907190752939016	-0.004322351212930453	-0.004051125015251733	-0.0003741095956970031	0.0008405472388155477	3.552713678800501e-15	0.0	0.0
BASE_TO_ACT	PRECISION_MEAN_POOL	0.3	SPT_ACT	ENDPOINT_B	CLASS.1.txt	-0.007918124570239549	-0.003492020429315623	0.0016664326414117525	-0.0022868815139287513	0.008662852928857823	0.0022617678224060578	5.329070518200751e-15	0.0	0.0
BASE_TO_ACT	PRECISION_MEAN_POOL	0.3	SPT_ACT	ENDPOINT_B	CLASS.2.txt	-0.02779138099925138	-0.021938522352190848	0.0015811044097890914	0.0006732083022849	0.001792992269295357	0.005669741863828737	3.552713678800501e-15	0.0	0.0
BASE_TO_ACT	PRECISION_MEAN_POOL	0.3	SPT_ACT	ENDPOINT_B	CLASS.3.txt	0.007514999923957433	0.0006287112099885306	-0.002753592640273639	-0.0013594320206230526	-0.002918766677354745	-0.006355287839710511	-5.329070518200751e-15	0.0	0.0
BASE_TO_ACT	PRECISION_MEAN_POOL	0.3	SPT_ACT	ENDPOINT_B	CLASS.4.txt	0.0047138627625678	0.0075657971267841795	0.0014263581898930067	0.007724557386577513	-0.009105087107217413	-0.0013969643169192691	-1.7763568394002505e-15	0.0	0.0
BASE_TO_ACT	PRECISION_MEAN_POOL	0.3	SPT_ACT	ENDPOINT_B	CLASS.5.txt	0.022223886587421582	0.027503250872920493	0.0031183245946138083	-0.0070800745209842475	-0.0028897796875340664	-0.0066537060979152685	0.0	0.0	0.0
BASE_TO_ACT	PRECISION_MEAN_POOL	0.3	SPT_ACT	ENDPOINT_B	CLASS.6.txt	0.00025090060874077835	-0.003926904524317987	-0.0018301740983226455	-0.0032354828148680737	0.004321932314996779	-0.000956715350127868	5.329070518200751e-15	0.0	0.0
BASE_TO_ACT	PRECISION_MEAN_POOL	0.3	SPT_ACT	ENDPOINT_B	CLASS.7.txt	-0.0009242426188809105	0.000281045304081573	0.0004975933711341973	0.004240733144887265	-0.001476158202005362	0.00657819390736647	-5.329070518200751e-15	-1.7763568394002505e-15	0.0
BASE_TO_ACT	PRECISION_MEAN_POOL	0.3	SPT_ACT	ENDPOINT_B	CLASS.8.txt	0.007844558238896404	-0.0012888353577014122	-0.003727581546502101	0.0006392607977909748	0.0011045271435005666	0.0011052287636195146	-7.105427357601002e-15	0.0	0.0
BASE_TO_ACT	ARITHMETIC_COVARIANCE_POOL	0.5	SPT_BASE	ENDPOINT_A	CLASS.1.txt	0.012047494379917811	0.007241297695725901	-0.0024066233868983433	-0.007068612719228873	-0.00101170174604015	-0.001764058148610137	8.881784197001252e-16	0.0	0.0
BASE_TO_ACT	ARITHMETIC_COVARIANCE_POOL	0.5	SPT_BASE	ENDPOINT_A	CLASS.2.txt	0.001047381069553932	0.0010203465581506421	4.4635479137022926e-05	-0.005587851355514539	0.0023000425168880345	-0.008383814968891068	0.0	0.0	0.0
BASE_TO_ACT	ARITHMETIC_COVARIANCE_POOL	0.5	SPT_BASE	ENDPOINT_A	CLASS.3.txt	0.008163287322558332	0.004092211731254736	-0.0021624817882922587	0.004078244239981599	-0.001364247528611029	-0.005211067516634915	8.881784197001252e-16	0.0	0.0
BASE_TO_ACT	ARITHMETIC_COVARIANCE_POOL	0.5	SPT_BASE	ENDPOINT_A	CLASS.4.txt	0.04130067309207375	0.04239131197230206	0.003124275534358456	-0.009871237219388207	0.009252577371597848	-0.00011116161058610796	0.0	0.0	0.0
BASE_TO_ACT	ARITHMETIC_COVARIANCE_POOL	0.5	SPT_BASE	ENDPOINT_A	CLASS.5.txt	-0.0035754962296215	0.006538525030500786	0.006405672253282257	0.018142557536295123	-0.004307723749673031	0.005765215270299051	-2.6645352591003757e-15	-8.881784197001252e-16	0.0
BASE_TO_ACT	ARITHMETIC_COVARIANCE_POOL	0.5	SPT_BASE	ENDPOINT_A	CLASS.6.txt	-0.050077973509187856	-0.05230015564048163	-0.004502597757712001	-0.000313006225743373	-0.006433466043862468	0.009794157490323308	0.0	0.0	0.0
BASE_TO_ACT	ARITHMETIC_COVARIANCE_POOL	0.5	SPT_ACT	ENDPOINT_B	CLASS.1.txt	-0.0003456608217322632	0.0028351535819215457	0.0020559328897177265	-0.004078338709362583	0.006425019421109512	0.0012121299628149451	-8.881784197001252e-16	0.0	0.0
BASE_TO_ACT	ARITHMETIC_COVARIANCE_POOL	0.5	SPT_ACT	ENDPOINT_B	CLASS.2.txt	-0.012892847436938304	-0.007883479286258321	0.002514592349006972	-0.0019114177171521973	0.0036360798755987744	0.0005253916967318251	8.881784197001252e-16	0.0	0.0
BASE_TO_ACT	ARITHMETIC_COVARIANCE_POOL	0.5	SPT_ACT	ENDPOINT_B	CLASS.3.txt	0.0026063573580743515	-0.002519107930949005	-0.003182470511605251	0.0009053544377330969	-0.004871568029137685	-0.0003898340502933584	0.0	0.0	0.0
BASE_TO_ACT	ARITHMETIC_COVARIANCE_POOL	0.5	SPT_ACT	ENDPOINT_B	CLASS.4.txt	-0.004618029434590998	-0.004623309749913318	-0.00027851451135396665	0.0013657555626392925	-0.0011702526250412237	-0.00048735898988716553	0.0	0.0	0.0
BASE_TO_ACT	ARITHMETIC_COVARIANCE_POOL	0.5	SPT_ACT	ENDPOINT_B	CLASS.5.txt	0.007737094806746558	0.008256688712726667	0.0007970498523338643	-0.001479488499668502	0.0007551554382331793	-0.0017138553445966709	1.7763568394002505e-15	0.0	0.0
BASE_TO_ACT	ARITHMETIC_COVARIANCE_POOL	0.5	SPT_ACT	ENDPOINT_B	CLASS.6.txt	0.003560281717125413	0.0027572480359840945	-0.0003116911445661952	-0.001370352000382824	-0.0018940772510802617	0.00012680958356059424	0.0	0.0	0.0
BASE_TO_ACT	ARITHMETIC_COVARIANCE_POOL	0.5	SPT_ACT	ENDPOINT_B	CLASS.7.txt	0.0020717603628752634	-0.00017200101083281183	-0.0013389385377393648	0.005074018982913819	-0.002449060554468141	0.0009233363333104316	-8.881784197001252e-16	0.0	0.0
BASE_TO_ACT	ARITHMETIC_COVARIANCE_POOL	0.5	SPT_ACT	ENDPOINT_B	CLASS.8.txt	0.0028453047160210687	0.002130804227679306	-0.000296555390094988	0.0012504401065353	-0.0006450044803559263	-0.00019301426426454604	0.0	8.881784197001252e-16	0.0
BASE_TO_ACT	PRECISION_MEAN_POOL	0.5	SPT_BASE	ENDPOINT_A	CLASS.1.txt	0.015029827133398399	0.007576738820953555	-0.0027813420158722124	-0.005343398548552147	0.004590083344321261	-0.00010699484503662315	1.7763568394002505e-15	0.0	0.0
BASE_TO_ACT	PRECISION_MEAN_POOL	0.5	SPT_BASE	ENDPOINT_A	CLASS.2.txt	-0.0005745686606468681	0.001434015424938373	0.0008739844110967621	-0.002812278419315417	0.0030421945025835284	-0.002487721396472131	0.0	0.0	0.0
BASE_TO_ACT	PRECISION_MEAN_POOL	0.5	SPT_BASE	ENDPOINT_A	CLASS.3.txt	0.004742175737274756	-0.0017624864246412741	-0.002723822306120116	0.004779748399470485	-0.004166340726111717	-0.0008159648400507535	-1.7763568394002505e-15	-1.7763568394002505e-15	0.0
BASE_TO_ACT	PRECISION_MEAN_POOL	0.5	SPT_BASE	ENDPOINT_A	CLASS.4.txt	0.034964750242408194	0.037763214986785254	0.0024407289659348352	-0.0030977561715129776	0.0033134149069682373	-0.0003799264077024578	0.0	0.0	0.0
BASE_TO_ACT	PRECISION_MEAN_POOL	0.5	SPT_BASE	ENDPOINT_A	CLASS.5.txt	-0.02013910113581474	-0.010219855349629103	0.003735632802262079	0.008665239964431692	-0.006039272854619748	0.0021516460818892247	-1.7763568394002505e-15	0.0	0.0
BASE_TO_ACT	PRECISION_MEAN_POOL	0.5	SPT_BASE	ENDPOINT_A	CLASS.6.txt	-0.030208024900713504	-0.03129779877815597	-0.0015447076740560117	-0.0026401162574173354	-0.0010348426087676832	0.0016501305371416919	0.0	0.0	0.0
BASE_TO_ACT	PRECISION_MEAN_POOL	0.5	SPT_ACT	ENDPOINT_B	CLASS.1.txt	-0.018793463489570783	-0.01333442011561825	0.0017848773229141024	-0.004293546295652928	0.011552796591084713	0.005736831646232177	1.7763568394002505e-15	0.0	0.0
BASE_TO_ACT	PRECISION_MEAN_POOL	0.5	SPT_ACT	ENDPOINT_B	CLASS.2.txt	-0.031836632827420885	-0.022127798312188585	0.0032414254507138196	0.0014600067716619147	0.004553576051622044	0.0043396815456111515	-1.7763568394002505e-15	0.0	0.0
BASE_TO_ACT	PRECISION_MEAN_POOL	0.5	SPT_ACT	ENDPOINT_B	CLASS.3.txt	0.02341582634105599	0.012350033626964407	-0.004081668561172869	-0.0012673004392770304	-0.00429425827435026	-0.005581471182338094	-5.329070518200751e-15	0.0	0.0
BASE_TO_ACT	PRECISION_MEAN_POOL	0.5	SPT_ACT	ENDPOINT_B	CLASS.4.txt	-0.01894312653828223	-0.016475278337520827	0.0004419803217128315	0.004898105801263375	-0.006320739345433368	-0.000746075867433027	0.0	-1.7763568394002505e-15	0.0
BASE_TO_ACT	PRECISION_MEAN_POOL	0.5	SPT_ACT	ENDPOINT_B	CLASS.5.txt	0.0189444128595726	0.023240960598907456	0.002559780210050988	-0.00526617081953018	-0.002278207713824143	-0.007887044539873322	3.552713678800501e-15	0.0	0.0
BASE_TO_ACT	PRECISION_MEAN_POOL	0.5	SPT_ACT	ENDPOINT_B	CLASS.6.txt	0.006000219274785223	-0.0002474739480970989	-0.002565448888778965	-0.0033543628077518095	0.000732945302278798	-2.566366284340038e-05	-3.552713678800501e-15	0.0	0.0
BASE_TO_ACT	PRECISION_MEAN_POOL	0.5	SPT_ACT	ENDPOINT_B	CLASS.7.txt	0.007776115784641213	0.007391124606943578	9.865355248450669e-05	0.0032959350754626637	-0.003650087682353531	0.0037535740697564046	1.7763568394002505e-15	0.0	0.0
BASE_TO_ACT	PRECISION_MEAN_POOL	0.5	SPT_ACT	ENDPOINT_B	CLASS.8.txt	0.02165265171818742	0.016498756675624726	-0.0015320779391266859	0.003996851569059712	-0.0006440525921026508	0.0007393054192839088	-1.0658141036401503e-14	0.0	0.0
BASE_TO_PR4	ARITHMETIC_COVARIANCE_POOL	0.3	SPT_BASE	ENDPOINT_A	CLASS.1.txt	-0.004989876492449863	-0.0026874624700452543	0.001986170992214542	-0.0015796223815204291	0.004217874984963954	0.0032253972933599107	8.881784197001252e-16	0.0	0.0
BASE_TO_PR4	ARITHMETIC_COVARIANCE_POOL	0.3	SPT_BASE	ENDPOINT_A	CLASS.2.txt	0.017652671435344658	0.017472821648107706	0.000558162836967524	-0.001688755614780324	-0.008710903842113149	-0.012095297390167459	3.1086244689504383e-15	0.0	0.0
BASE_TO_PR4	ARITHMETIC_COVARIANCE_POOL	0.3	SPT_BASE	ENDPOINT_A	CLASS.3.txt	0.011637852056542108	0.006054607136450674	-0.004787050392156433	0.01201911402790723	0.006814241541748478	-0.002290596041786497	8.881784197001252e-16	0.0	0.0
BASE_TO_PR4	ARITHMETIC_COVARIANCE_POOL	0.3	SPT_BASE	ENDPOINT_A	CLASS.4.txt	0.041493128040530625	0.04126613324365813	0.0014793836260099669	-0.006303848854111338	-0.0037833488672177618	-0.0010594828678187618	0.0	4.440892098500626e-16	0.0
BASE_TO_PR4	ARITHMETIC_COVARIANCE_POOL	0.3	SPT_BASE	ENDPOINT_A	CLASS.5.txt	-0.015295026561060077	-0.011929217268927594	0.0025835809482389616	0.01734057827272467	0.00742634254930763	0.004740520007598059	1.7763568394002505e-15	4.440892098500626e-16	0.0
BASE_TO_PR4	ARITHMETIC_COVARIANCE_POOL	0.3	SPT_BASE	ENDPOINT_A	CLASS.6.txt	-0.044510017038568384	-0.04419811642107918	-0.001588465183129495	-0.018803188952757677	-0.00837851881976881	0.0076096629136747085	-1.7763568394002505e-15	0.0	0.0
BASE_TO_PR4	ARITHMETIC_COVARIANCE_POOL	0.3	SPT_PR4	ENDPOINT_B	CLASS.1.txt	-0.0075011932609179155	-0.005245074225958657	0.0018395620797994061	4.308077228559748e-05	-0.0033647957833108366	-0.00033691175172900767	0.0	0.0	0.0
BASE_TO_PR4	ARITHMETIC_COVARIANCE_POOL	0.3	SPT_PR4	ENDPOINT_B	CLASS.2.txt	0.0009157631480731787	0.002201778934955767	0.0012598230358452644	0.0028347909052310327	-0.00034120949920346533	0.00042121889127122447	-4.440892098500626e-16	0.0	0.0
BASE_TO_PR4	ARITHMETIC_COVARIANCE_POOL	0.3	SPT_PR4	ENDPOINT_B	CLASS.3.txt	-0.004142758858472817	-0.0023680968969774785	0.001517703157463246	0.002887092837898564	0.001219084701533757	0.0001769446465095248	8.881784197001252e-16	0.0	0.0
BASE_TO_PR4	ARITHMETIC_COVARIANCE_POOL	0.3	SPT_PR4	ENDPOINT_B	CLASS.4.txt	-0.0011103359936925905	0.002306163469387279	0.003204555948506105	-0.007657034100029103	0.002347285129885246	0.0007456617484649097	-4.440892098500626e-16	0.0	0.0
BASE_TO_PR4	ARITHMETIC_COVARIANCE_POOL	0.3	SPT_PR4	ENDPOINT_B	CLASS.5.txt	0.012333601256479199	0.00757044173715915	-0.003984139719477975	-0.003637967366073469	-0.0005773229823644588	-0.0006163875357620974	-1.3322676295501878e-15	0.0	0.0
BASE_TO_PR4	ARITHMETIC_COVARIANCE_POOL	0.3	SPT_PR4	ENDPOINT_B	CLASS.6.txt	0.0008153846729137548	-0.0034106649762661867	-0.0039754905538407215	0.0053951128378162405	0.0003261320224930975	-0.0003503332718531871	1.3322676295501878e-15	0.0	0.0
BASE_TO_PR4	PRECISION_MEAN_POOL	0.3	SPT_BASE	ENDPOINT_A	CLASS.1.txt	0.026195753911561148	0.028498473011744796	0.001438701084264693	0.0008467542737127243	0.00130850790293921	0.00037024927985968015	-1.7763568394002505e-15	0.0	0.0
BASE_TO_PR4	PRECISION_MEAN_POOL	0.3	SPT_BASE	ENDPOINT_A	CLASS.2.txt	0.01004089190392854	0.010224381385045778	0.0001984247123149041	0.0009549556403319892	-0.0015809311157983785	-0.001585585468766082	1.7763568394002505e-15	0.0	0.0
BASE_TO_PR4	PRECISION_MEAN_POOL	0.3	SPT_BASE	ENDPOINT_A	CLASS.3.txt	0.0008064255346518223	-0.004674753149108479	-0.0027804669495206102	0.006480148865051216	0.0002870636701468865	-0.00032134864368099647	-1.7763568394002505e-15	0.0	0.0
BASE_TO_PR4	PRECISION_MEAN_POOL	0.3	SPT_BASE	ENDPOINT_A	CLASS.4.txt	0.03227768727235203	0.031485788548992755	-6.36897501281597e-05	-0.00453352313040567	0.00010941093333249885	-0.0007949531848164826	-1.7763568394002505e-15	0.0	0.0
BASE_TO_PR4	PRECISION_MEAN_POOL	0.3	SPT_BASE	ENDPOINT_A	CLASS.5.txt	0.0013613660896303337	0.0035907495137799117	0.001149654058432592	0.008287442530051203	0.0007834558829519778	0.002916047464212368	-1.0658141036401503e-14	1.7763568394002505e-15	0.0
BASE_TO_PR4	PRECISION_MEAN_POOL	0.3	SPT_BASE	ENDPOINT_A	CLASS.6.txt	-0.06833409065323703	-0.06696261060879705	-1.972842568520594e-05	-0.01254615769741696	-0.0009876930872754486	-0.00036885725026808425	-1.7763568394002505e-15	0.0	0.0
BASE_TO_PR4	PRECISION_MEAN_POOL	0.3	SPT_PR4	ENDPOINT_B	CLASS.1.txt	-0.01779131096517972	-0.015810244940916096	0.0008260441591796397	-0.005151933596915237	-0.005672112900814152	-5.745611878527068e-05	1.7763568394002505e-15	0.0	0.0
BASE_TO_PR4	PRECISION_MEAN_POOL	0.3	SPT_PR4	ENDPOINT_B	CLASS.2.txt	0.02461423676901564	0.02742163996518787	0.0016783734451319976	0.0016119591095077324	-0.00278244698491531	0.0008292712766712618	-1.7763568394002505e-15	1.7763568394002505e-15	0.0
BASE_TO_PR4	PRECISION_MEAN_POOL	0.3	SPT_PR4	ENDPOINT_B	CLASS.3.txt	-0.011903850971697771	-0.010924963723062842	0.0003746861833923143	0.004839042034272212	0.0031900669272925397	0.0063928701730665005	-3.552713678800501e-15	0.0	0.0
BASE_TO_PR4	PRECISION_MEAN_POOL	0.3	SPT_PR4	ENDPOINT_B	CLASS.4.txt	-0.026783912753272077	-0.024177738203924104	0.0010535657445143176	-0.0023849651738457878	0.012503624359396975	0.00453354198070427	-1.7763568394002505e-15	0.0	0.0
BASE_TO_PR4	PRECISION_MEAN_POOL	0.3	SPT_PR4	ENDPOINT_B	CLASS.5.txt	0.030137745393554738	0.02562120409270152	-0.0019672169126681016	-0.004591425864451493	-0.004340625230546069	-0.012272296908222846	5.329070518200751e-15	-1.7763568394002505e-15	0.0
BASE_TO_PR4	PRECISION_MEAN_POOL	0.3	SPT_PR4	ENDPOINT_B	CLASS.6.txt	0.007306271925287877	0.002999542017382062	-0.0021114675666012994	0.005175278192474875	-0.0030404638165848763	0.001358234157620486	0.0	0.0	0.0
BASE_TO_PR4	ARITHMETIC_COVARIANCE_POOL	0.5	SPT_BASE	ENDPOINT_A	CLASS.1.txt	0.00442259323127403	0.007855893730993158	0.0034937149950541313	-0.00598587882082513	-0.0038485332564600627	-0.0015311203469179357	0.0	0.0	0.0
BASE_TO_PR4	ARITHMETIC_COVARIANCE_POOL	0.5	SPT_BASE	ENDPOINT_A	CLASS.2.txt	0.01633701570960233	0.02118647400232221	0.005377416221446829	-0.0074966686211078715	-0.006605243282306494	-0.01003696294545442	1.3322676295501878e-15	0.0	0.0
BASE_TO_PR4	ARITHMETIC_COVARIANCE_POOL	0.5	SPT_BASE	ENDPOINT_A	CLASS.3.txt	0.010136525964011822	0.004322822327097464	-0.00506488170085817	0.016267559555771915	0.0014598024534288045	-0.006063557824572574	-4.440892098500626e-16	0.0	0.0
BASE_TO_PR4	ARITHMETIC_COVARIANCE_POOL	0.5	SPT_BASE	ENDPOINT_A	CLASS.4.txt	0.055077374411123925	0.05099151714527128	-0.001300079567082335	-0.009350606304828368	-0.0007039704000011415	-0.0008425536260210365	-4.440892098500626e-16	0.0	0.0
BASE_TO_PR4	ARITHMETIC_COVARIANCE_POOL	0.5	SPT_BASE	ENDPOINT_A	CLASS.5.txt	-0.03218344497533998	-0.0305661678413629	4.3458689140352114e-05	0.02111121913205022	0.009350935501773128	0.006257576249567354	0.0	0.0	0.0
BASE_TO_PR4	ARITHMETIC_COVARIANCE_POOL	0.5	SPT_BASE	ENDPOINT_A	CLASS.6.txt	-0.04430107213275125	-0.04455986795972522	-0.0023746216350950533	-0.013538637055254987	-0.0031008856988579137	0.012209541265951862	-8.881784197001252e-16	0.0	0.0
BASE_TO_PR4	ARITHMETIC_COVARIANCE_POOL	0.5	SPT_PR4	ENDPOINT_B	CLASS.1.txt	0.0010506773368044175	0.0005664396903932722	-0.0004146823360795526	0.0010106873964337293	-0.005182612732144487	-0.0014997273177423942	8.881784197001252e-16	0.0	0.0
BASE_TO_PR4	ARITHMETIC_COVARIANCE_POOL	0.5	SPT_PR4	ENDPOINT_B	CLASS.2.txt	-0.0015404896587274397	0.0019654063855287784	0.003293948356076992	0.0016192547833115967	-0.001546572683840508	0.00126194550037384	-4.440892098500626e-16	0.0	0.0
BASE_TO_PR4	ARITHMETIC_COVARIANCE_POOL	0.5	SPT_PR4	ENDPOINT_B	CLASS.3.txt	-0.0031267469059872433	-0.002096555328910288	0.0008425503771674059	0.004785101758894572	0.0017759190340329578	0.0003587240514442147	1.3322676295501878e-15	0.0	0.0
BASE_TO_PR4	ARITHMETIC_COVARIANCE_POOL	0.5	SPT_PR4	ENDPOINT_B	CLASS.4.txt	-0.008482910707248381	-0.0030044682173426818	0.0048813947348375075	-0.0058441427559853265	0.004486593495725	0.0011845693900111032	1.3322676295501878e-15	0.0	0.0
BASE_TO_PR4	ARITHMETIC_COVARIANCE_POOL	0.5	SPT_PR4	ENDPOINT_B	CLASS.5.txt	0.011280962104974979	0.004667822449893055	-0.005768518390868227	-0.001414306385129127	0.0004322594670571611	-0.0006057278729810767	4.440892098500626e-16	4.440892098500626e-16	0.0
BASE_TO_PR4	ARITHMETIC_COVARIANCE_POOL	0.5	SPT_PR4	ENDPOINT_B	CLASS.6.txt	0.002262264534016234	-0.0009619703879928387	-0.0029787535002898657	-0.00022819849074479093	-0.00044342160595323143	-0.0006439709082931566	0.0	0.0	0.0
BASE_TO_PR4	PRECISION_MEAN_POOL	0.5	SPT_BASE	ENDPOINT_A	CLASS.1.txt	0.03102302963041792	0.032872333949447885	0.001286048151406427	-0.003875806820682448	0.0007976879201161968	2.1233956948418786e-05	-3.552713678800501e-15	0.0	0.0
BASE_TO_PR4	PRECISION_MEAN_POOL	0.5	SPT_BASE	ENDPOINT_A	CLASS.2.txt	0.027643600580236072	0.032315732092458305	0.00268540234333825	-0.0009369825268171761	-0.0010942235857876459	-0.002210963781837383	5.329070518200751e-15	0.0	0.0
BASE_TO_PR4	PRECISION_MEAN_POOL	0.5	SPT_BASE	ENDPOINT_A	CLASS.3.txt	-0.019318639113246938	-0.02544023986672217	-0.0033651786575047415	0.00565537249337178	-0.0007215297286211342	0.000475316005272175	3.552713678800501e-15	0.0	0.0
BASE_TO_PR4	PRECISION_MEAN_POOL	0.5	SPT_BASE	ENDPOINT_A	CLASS.4.txt	0.05299755504438597	0.04816204456159756	-0.0018516542952974335	-0.002053360947249505	0.000683661470552599	-0.000576793685828636	3.552713678800501e-15	0.0	0.0
BASE_TO_PR4	PRECISION_MEAN_POOL	0.5	SPT_BASE	ENDPOINT_A	CLASS.5.txt	-0.024795785247983204	-0.022961091485207863	0.0006642728623794669	0.011416259741446999	0.0005175238068051424	0.003020207992498858	3.552713678800501e-15	0.0	0.0
BASE_TO_PR4	PRECISION_MEAN_POOL	0.5	SPT_BASE	ENDPOINT_A	CLASS.6.txt	-0.06396621040441497	-0.061926519703285	0.00032911421416637054	-0.010798977767062623	-0.00020131926694660907	-0.00040219425873500025	0.0	0.0	0.0
BASE_TO_PR4	PRECISION_MEAN_POOL	0.5	SPT_PR4	ENDPOINT_B	CLASS.1.txt	0.015540416768305754	0.015968696162789175	0.000392713128562594	-0.005949302290577219	-0.01705467582482148	-0.01012392906012588	0.0	-1.7763568394002505e-15	0.0
BASE_TO_PR4	PRECISION_MEAN_POOL	0.5	SPT_PR4	ENDPOINT_B	CLASS.2.txt	0.015648257649951258	0.02042986212897757	0.0026149418605324604	-0.0006153899617946657	-0.0011053550259352563	0.0071647881841050975	0.0	0.0	0.0
BASE_TO_PR4	PRECISION_MEAN_POOL	0.5	SPT_PR4	ENDPOINT_B	CLASS.3.txt	-0.00834571954425467	-0.00758868346433994	0.0002941718195356158	0.004699184178183935	0.0025214728357655647	0.006939635024974522	-7.105427357601002e-15	1.7763568394002505e-15	0.0
BASE_TO_PR4	PRECISION_MEAN_POOL	0.5	SPT_PR4	ENDPOINT_B	CLASS.4.txt	-0.04196930013787803	-0.03809313229926303	0.0015287919864186428	-0.001078179205986074	0.016584210605032984	0.00833076148783446	-1.7763568394002505e-15	0.0	0.0
BASE_TO_PR4	PRECISION_MEAN_POOL	0.5	SPT_PR4	ENDPOINT_B	CLASS.5.txt	0.021062988368483193	0.014338315838811067	-0.00318474339064323	-0.00020461645119473904	-0.0006856566094193828	-0.012907323572083462	0.0	0.0	0.0
BASE_TO_PR4	PRECISION_MEAN_POOL	0.5	SPT_PR4	ENDPOINT_B	CLASS.6.txt	0.007122472970385818	0.0034116531480870016	-0.0018150170522589493	0.0031554743642708827	-0.0011215115186716251	0.002164196658600681	0.0	0.0	0.0
BASE_TO_FULL_ORIGINAL	ARITHMETIC_COVARIANCE_POOL	0.3	SPT_BASE	ENDPOINT_A	CLASS.1.txt	-0.010173233888889133	-0.006270677560258786	0.0021060708321885002	-0.003947073510146337	0.0023715637474506224	0.0027360277764294505	-8.881784197001252e-16	0.0	0.0
BASE_TO_FULL_ORIGINAL	ARITHMETIC_COVARIANCE_POOL	0.3	SPT_BASE	ENDPOINT_A	CLASS.2.txt	0.01735677999280938	0.01679501411114126	0.0006553214014697328	-0.000597012826637322	-0.008491994212340148	-0.01231213625587213	8.881784197001252e-16	0.0	0.0
BASE_TO_FULL_ORIGINAL	ARITHMETIC_COVARIANCE_POOL	0.3	SPT_BASE	ENDPOINT_A	CLASS.3.txt	0.02001258658785421	0.012439291949633446	-0.00401680458506859	0.009722792038262151	0.004438958146684491	-0.0017388974711698424	-8.881784197001252e-16	0.0	0.0
BASE_TO_FULL_ORIGINAL	ARITHMETIC_COVARIANCE_POOL	0.3	SPT_BASE	ENDPOINT_A	CLASS.4.txt	0.04570109709573433	0.04676735772402907	0.0034490367906915287	-0.003700414970903232	0.0018489289595262637	-0.0005197957703405587	-2.6645352591003757e-15	0.0	0.0
BASE_TO_FULL_ORIGINAL	ARITHMETIC_COVARIANCE_POOL	0.3	SPT_BASE	ENDPOINT_A	CLASS.5.txt	-0.008270794370399237	-0.0003062438638865572	0.005057981909413867	0.016025988015676507	-0.002840922164056181	0.0042474606055068476	2.6645352591003757e-15	0.0	0.0
BASE_TO_FULL_ORIGINAL	ARITHMETIC_COVARIANCE_POOL	0.3	SPT_BASE	ENDPOINT_A	CLASS.6.txt	-0.05748423920740331	-0.062252289153886586	-0.006928041067506219	-0.016985290625812888	0.000610800763592434	0.007758997890096264	0.0	0.0	0.0
BASE_TO_FULL_ORIGINAL	ARITHMETIC_COVARIANCE_POOL	0.3	FULL_ORIGINAL	ENDPOINT_B	CLASS.1.txt	-0.01067161711500253	-0.01107045181810351	-0.0009261848605156553	0.0032445172683325807	-0.0005613425502274394	-0.0004022705040525043	8.881784197001252e-16	0.0	0.0
BASE_TO_FULL_ORIGINAL	ARITHMETIC_COVARIANCE_POOL	0.3	FULL_ORIGINAL	ENDPOINT_B	CLASS.2.txt	-0.007677497968552771	-0.0066996495364137765	0.00021576322691463368	0.0005502854401550072	0.000485584569982378	3.616612546231135e-05	8.881784197001252e-16	0.0	0.0
BASE_TO_FULL_ORIGINAL	ARITHMETIC_COVARIANCE_POOL	0.3	FULL_ORIGINAL	ENDPOINT_B	CLASS.3.txt	-0.0032772829989964336	-0.001141588399660609	0.0012880001115727069	-0.002260201687604546	0.0005431145223980804	0.00045225257054248846	-1.7763568394002505e-15	0.0	0.0
BASE_TO_FULL_ORIGINAL	ARITHMETIC_COVARIANCE_POOL	0.3	FULL_ORIGINAL	ENDPOINT_B	CLASS.4.txt	0.003923405585116502	0.001808764399199081	-0.0012298917037780743	0.002229216865037298	0.0001239014251777082	0.0007016100414383164	0.0	0.0	0.0
BASE_TO_FULL_ORIGINAL	ARITHMETIC_COVARIANCE_POOL	0.3	FULL_ORIGINAL	ENDPOINT_B	CLASS.5.txt	0.007272140633022062	0.0053989021582308006	-0.000859263402421595	-0.0008341532778713967	0.0012105933861662477	1.7515215277819074e-05	2.6645352591003757e-15	0.0	0.0
BASE_TO_FULL_ORIGINAL	ARITHMETIC_COVARIANCE_POOL	0.3	FULL_ORIGINAL	ENDPOINT_B	CLASS.6.txt	-0.0009877911669193828	0.00014312256552262426	0.0007265756658331179	-0.0011394355213384388	0.00013826436858266344	-0.0006141815113399618	8.881784197001252e-16	0.0	0.0
BASE_TO_FULL_ORIGINAL	ARITHMETIC_COVARIANCE_POOL	0.3	FULL_ORIGINAL	ENDPOINT_B	CLASS.7.txt	0.0029693905391741104	0.0038687175391958206	0.0008038634366358544	-0.0021730204807109965	-0.0007792097949127497	2.639949668326036e-05	1.7763568394002505e-15	0.0	0.0
BASE_TO_FULL_ORIGINAL	ARITHMETIC_COVARIANCE_POOL	0.3	FULL_ORIGINAL	ENDPOINT_B	CLASS.8.txt	0.008900096040890038	0.008063185418369034	-4.3077402377966756e-05	0.00034939935629979546	-0.001274407993172244	-0.00022535056148520471	-8.881784197001252e-16	0.0	0.0
BASE_TO_FULL_ORIGINAL	PRECISION_MEAN_POOL	0.3	SPT_BASE	ENDPOINT_A	CLASS.1.txt	0.030841752108725196	0.0343756138978506	0.0013865311897882648	-0.0010363091596184981	0.0011989737588736782	0.0003262255322478147	7.105427357601002e-15	0.0	0.0
BASE_TO_FULL_ORIGINAL	PRECISION_MEAN_POOL	0.3	SPT_BASE	ENDPOINT_A	CLASS.2.txt	0.007316990308946281	0.00789254016730112	0.0002492443812103229	0.0006161666695480017	-0.0004331606487577022	-0.0010458892836934242	-2.1316282072803006e-14	0.0	0.0
BASE_TO_FULL_ORIGINAL	PRECISION_MEAN_POOL	0.3	SPT_BASE	ENDPOINT_A	CLASS.3.txt	-9.143234836450631e-05	-0.00765920414132637	-0.002329364418383717	0.005986681596674592	0.00018951443669085188	-0.00014865345131892527	7.105427357601002e-15	0.0	0.0
BASE_TO_FULL_ORIGINAL	PRECISION_MEAN_POOL	0.3	SPT_BASE	ENDPOINT_A	CLASS.4.txt	0.03668123072169038	0.03627150532589951	0.00023507524191901386	-0.0026166601547027435	0.0003122361763111814	-0.000532534249471861	7.105427357601002e-15	0.0	0.0
BASE_TO_FULL_ORIGINAL	PRECISION_MEAN_POOL	0.3	SPT_BASE	ENDPOINT_A	CLASS.5.txt	0.0011208728289586745	0.004246842837193121	0.000973545355017813	0.005630600529302643	0.00014421087508903474	0.0017652362973604174	-7.105427357601002e-15	0.0	0.0
BASE_TO_FULL_ORIGINAL	PRECISION_MEAN_POOL	0.3	SPT_BASE	ENDPOINT_A	CLASS.6.txt	-0.0737482640553706	-0.07320072043298076	-0.000566953571676243	-0.008813110511746602	-0.0014595845582380529	-0.00021599909755176672	-2.1316282072803006e-14	0.0	0.0
BASE_TO_FULL_ORIGINAL	PRECISION_MEAN_POOL	0.3	FULL_ORIGINAL	ENDPOINT_B	CLASS.1.txt	0.007406905403938069	0.0072437150839226305	2.294506767386295e-05	0.0030058035431336227	-0.0064809704142348434	-0.008672220227538108	1.4210854715202004e-14	0.0	0.0
BASE_TO_FULL_ORIGINAL	PRECISION_MEAN_POOL	0.3	FULL_ORIGINAL	ENDPOINT_B	CLASS.2.txt	-0.0623270656408339	-0.061103427996957116	-0.00024172934649469013	0.00026254389016266977	0.006519153406985778	-0.00048743240442455926	0.0	0.0	0.0
BASE_TO_FULL_ORIGINAL	PRECISION_MEAN_POOL	0.3	FULL_ORIGINAL	ENDPOINT_B	CLASS.3.txt	0.009105517153057185	0.013101710160010605	0.0013188583964295342	0.0005542239903182367	0.0030302782747733126	0.00601433347644631	0.0	0.0	0.0
BASE_TO_FULL_ORIGINAL	PRECISION_MEAN_POOL	0.3	FULL_ORIGINAL	ENDPOINT_B	CLASS.4.txt	0.0014064724684006435	-0.004085046766905798	-0.0016756372106505601	0.002311927262587443	0.00868420341492579	0.005949444663527925	0.0	0.0	0.0
BASE_TO_FULL_ORIGINAL	PRECISION_MEAN_POOL	0.3	FULL_ORIGINAL	ENDPOINT_B	CLASS.5.txt	0.030818602151663654	0.03284313172837017	0.0009236144524078505	0.004660531598768891	-0.0023583187638837044	0.0023166366034437225	2.1316282072803006e-14	0.0	0.0
BASE_TO_FULL_ORIGINAL	PRECISION_MEAN_POOL	0.3	FULL_ORIGINAL	ENDPOINT_B	CLASS.6.txt	0.03819984248376418	0.036009300175295245	-0.00029499896950291316	-0.00149363692006943	-0.00896415324681421	-0.004749819934473931	-2.1316282072803006e-14	0.0	0.0
BASE_TO_FULL_ORIGINAL	PRECISION_MEAN_POOL	0.3	FULL_ORIGINAL	ENDPOINT_B	CLASS.7.txt	-0.013681712173860383	-0.013702207653625287	-0.00014184919362125736	-0.007137320188888685	0.00509864066076221	-0.001461156323027013	0.0	0.0	0.0
BASE_TO_FULL_ORIGINAL	PRECISION_MEAN_POOL	0.3	FULL_ORIGINAL	ENDPOINT_B	CLASS.8.txt	0.0009806260393325772	0.0012771707510337293	0.00010097660379115858	-0.002306312489097073	-0.00665135005903042	0.0013931456890165506	1.4210854715202004e-14	0.0	0.0
BASE_TO_FULL_ORIGINAL	ARITHMETIC_COVARIANCE_POOL	0.5	SPT_BASE	ENDPOINT_A	CLASS.1.txt	0.0032498522929045315	0.008517489309317838	0.003894513269927624	-0.008827868814263895	-0.006366876104425212	-0.002518080394857125	-1.7763568394002505e-15	0.0	0.0
BASE_TO_FULL_ORIGINAL	ARITHMETIC_COVARIANCE_POOL	0.5	SPT_BASE	ENDPOINT_A	CLASS.2.txt	0.009152134800213485	0.014510553401767545	0.004323375193145296	-0.005146257187198577	-0.003490041174426639	-0.01010983055423409	8.881784197001252e-16	0.0	0.0
BASE_TO_FULL_ORIGINAL	ARITHMETIC_COVARIANCE_POOL	0.5	SPT_BASE	ENDPOINT_A	CLASS.3.txt	0.02496883787730031	0.01655223455146526	-0.004262415598964786	0.014598989764063985	-0.0028190189326612325	-0.005693773195497354	-8.881784197001252e-16	0.0	0.0
BASE_TO_FULL_ORIGINAL	ARITHMETIC_COVARIANCE_POOL	0.5	SPT_BASE	ENDPOINT_A	CLASS.4.txt	0.059393538089411724	0.055787982370731015	0.0012172254482505362	-0.009563467963580985	0.0061098198262167225	-1.4629222742423842e-05	-3.552713678800501e-15	0.0	0.0
BASE_TO_FULL_ORIGINAL	ARITHMETIC_COVARIANCE_POOL	0.5	SPT_BASE	ENDPOINT_A	CLASS.5.txt	-0.029822794557618604	-0.022489687498081334	0.0032831167112538084	0.019963448395170336	-0.0019303782879006581	0.005746995004570654	0.0	0.0	0.0
BASE_TO_FULL_ORIGINAL	ARITHMETIC_COVARIANCE_POOL	0.5	SPT_BASE	ENDPOINT_A	CLASS.6.txt	-0.055705975283811604	-0.061759020076916915	-0.00792512359209463	-0.010796439251376633	0.005457678245064601	0.012671882869148554	2.6645352591003757e-15	0.0	0.0
BASE_TO_FULL_ORIGINAL	ARITHMETIC_COVARIANCE_POOL	0.5	FULL_ORIGINAL	ENDPOINT_B	CLASS.1.txt	-0.00881063721693609	-0.008328140503987669	-0.00022203331218562106	0.0024125389700758726	-0.0003975006071857967	-0.0002458799313114213	1.7763568394002505e-15	0.0	0.0
BASE_TO_FULL_ORIGINAL	ARITHMETIC_COVARIANCE_POOL	0.5	FULL_ORIGINAL	ENDPOINT_B	CLASS.2.txt	-0.006263541318832555	-0.007374064934516422	-0.0011775496672192798	0.0025118393256477467	0.00027215907602551326	-0.00013919843472876003	-2.6645352591003757e-15	0.0	0.0
BASE_TO_FULL_ORIGINAL	ARITHMETIC_COVARIANCE_POOL	0.5	FULL_ORIGINAL	ENDPOINT_B	CLASS.3.txt	-0.005625886262873969	-0.0029846749064406097	0.0014963336872860777	-0.0018573357646389232	0.0005443353866309009	0.0003276175625568367	0.0	0.0	0.0
BASE_TO_FULL_ORIGINAL	ARITHMETIC_COVARIANCE_POOL	0.5	FULL_ORIGINAL	ENDPOINT_B	CLASS.4.txt	0.002264536384399829	0.0012638209616788743	-0.0005564370001628349	0.003222800972687012	-0.0001508736698604407	0.0007321174426101473	0.0	0.0	0.0
BASE_TO_FULL_ORIGINAL	ARITHMETIC_COVARIANCE_POOL	0.5	FULL_ORIGINAL	ENDPOINT_B	CLASS.5.txt	0.0044427451710018495	0.0031770426062713852	-0.0006031891663462741	-0.0018956256093787816	0.0019982957684064884	8.906999237245916e-05	0.0	0.0	0.0
BASE_TO_FULL_ORIGINAL	ARITHMETIC_COVARIANCE_POOL	0.5	FULL_ORIGINAL	ENDPOINT_B	CLASS.6.txt	0.0014419542609194202	0.0012009356189519593	-7.721243041169945e-05	-0.0009832476036596982	-0.00010368196802801322	-0.0007992671262447848	-3.552713678800501e-15	0.0	0.0
BASE_TO_FULL_ORIGINAL	ARITHMETIC_COVARIANCE_POOL	0.5	FULL_ORIGINAL	ENDPOINT_B	CLASS.7.txt	0.0006598671037125747	0.0018762653013584263	0.0008936506499696018	-0.0023075608760135813	-0.00011666104034069313	0.00018485431143222542	-2.6645352591003757e-15	0.0	0.0
BASE_TO_FULL_ORIGINAL	ARITHMETIC_COVARIANCE_POOL	0.5	FULL_ORIGINAL	ENDPOINT_B	CLASS.8.txt	0.012373935385870727	0.011578009504380038	0.0002268964215700331	-0.0011161541948739306	-0.002185859350940844	-0.00014461694423084648	2.6645352591003757e-15	0.0	0.0
BASE_TO_FULL_ORIGINAL	PRECISION_MEAN_POOL	0.5	SPT_BASE	ENDPOINT_A	CLASS.1.txt	0.04432466598996232	0.046157606912417215	0.0010245671049295968	-0.005484540683927341	0.0007286901059691264	0.0002833295872772812	1.4210854715202004e-14	0.0	0.0
BASE_TO_FULL_ORIGINAL	PRECISION_MEAN_POOL	0.5	SPT_BASE	ENDPOINT_A	CLASS.2.txt	0.03015480796064196	0.036637329596977075	0.0023342668592204463	-0.0018934864608106672	0.00012962572068689338	-0.0014856714371181412	-2.1316282072803006e-14	0.0	0.0
BASE_TO_FULL_ORIGINAL	PRECISION_MEAN_POOL	0.5	SPT_BASE	ENDPOINT_A	CLASS.3.txt	-0.021652688434938838	-0.03055589540612491	-0.003024166999653022	0.005502048972265583	-0.0009225045262868936	0.0004914513726286818	-1.4210854715202004e-14	0.0	0.0
BASE_TO_FULL_ORIGINAL	PRECISION_MEAN_POOL	0.5	SPT_BASE	ENDPOINT_A	CLASS.4.txt	0.05791809306115869	0.05203371578791938	-0.001237165718149802	-0.0002931781307765613	0.0010257402786728598	-0.00048399735627530083	7.105427357601002e-15	0.0	0.0
BASE_TO_FULL_ORIGINAL	PRECISION_MEAN_POOL	0.5	SPT_BASE	ENDPOINT_A	CLASS.5.txt	-0.039591101404378826	-0.03574371663128595	0.0008043545449797351	0.009611006745150918	7.086735066111349e-05	0.0017383348518263397	-7.105427357601002e-15	0.0	0.0
BASE_TO_FULL_ORIGINAL	PRECISION_MEAN_POOL	0.5	SPT_BASE	ENDPOINT_A	CLASS.6.txt	-0.06765850354605174	-0.06555255829598039	-3.683837256518441e-05	-0.007718370268221086	-0.0010604989913046425	-0.00036341191626593217	-1.4210854715202004e-14	0.0	0.0
BASE_TO_FULL_ORIGINAL	PRECISION_MEAN_POOL	0.5	FULL_ORIGINAL	ENDPOINT_B	CLASS.1.txt	0.0392273738618476	0.040722217458058374	0.0008677559612016994	0.0066869290510117585	-0.008662681924619997	-0.0038744386320967994	7.105427357601002e-15	0.0	0.0
BASE_TO_FULL_ORIGINAL	PRECISION_MEAN_POOL	0.5	FULL_ORIGINAL	ENDPOINT_B	CLASS.2.txt	-0.07689027933682535	-0.07758596209984514	-0.0010228866764894207	0.0024310560087662525	0.006087856490909316	0.0021326256560246226	0.0	0.0	0.0
BASE_TO_FULL_ORIGINAL	PRECISION_MEAN_POOL	0.5	FULL_ORIGINAL	ENDPOINT_B	CLASS.3.txt	-0.002428197080871719	0.0019143293362402503	0.0013382245444042429	1.7660098768024213e-05	0.0027497957542856333	0.0038863314745482547	-1.4210854715202004e-14	0.0	0.0
BASE_TO_FULL_ORIGINAL	PRECISION_MEAN_POOL	0.5	FULL_ORIGINAL	ENDPOINT_B	CLASS.4.txt	0.005220265850886641	0.003985979073093837	-0.0003330974142849996	0.0018405694996793676	0.006131973214969999	0.00724894927823172	2.1316282072803006e-14	0.0	0.0
BASE_TO_FULL_ORIGINAL	PRECISION_MEAN_POOL	0.5	FULL_ORIGINAL	ENDPOINT_B	CLASS.5.txt	-0.0027668219326386634	-0.0013896236968102826	0.00040374165737722123	0.003196823295868678	0.0017798540095588788	0.001275874831337287	1.4210854715202004e-14	0.0	0.0
BASE_TO_FULL_ORIGINAL	PRECISION_MEAN_POOL	0.5	FULL_ORIGINAL	ENDPOINT_B	CLASS.6.txt	0.07840827005461204	0.07550574560103751	-0.0001014063154328726	-0.0027431599382959915	-0.013021351873450021	-0.009977130503840692	0.0	0.0	0.0
BASE_TO_FULL_ORIGINAL	PRECISION_MEAN_POOL	0.5	FULL_ORIGINAL	ENDPOINT_B	CLASS.7.txt	-0.024161609531962114	-0.025421548428259833	-0.0006465898616017096	-0.006444633678265199	0.010270520977676917	-0.003526169459308781	1.4210854715202004e-14	0.0	0.0
BASE_TO_FULL_ORIGINAL	PRECISION_MEAN_POOL	0.5	FULL_ORIGINAL	ENDPOINT_B	CLASS.8.txt	-0.003119820898487724	-0.0044056590222734116	-0.0004356753935648161	-0.005282391569297884	-0.006331729234022587	0.0032522626893163875	0.0	0.0	0.0
BASE_TO_FULL_FIXED	ARITHMETIC_COVARIANCE_POOL	0.3	SPT_BASE	ENDPOINT_A	CLASS.1.txt	-0.013108331419851016	-0.009151275082774468	0.0018221667152824583	-0.003954335903188055	0.004174724918542871	0.0034647767294759824	-8.881784197001252e-16	0.0	0.0
BASE_TO_FULL_FIXED	ARITHMETIC_COVARIANCE_POOL	0.3	SPT_BASE	ENDPOINT_A	CLASS.2.txt	0.017782192669075325	0.017201047087609833	0.0008031443053072573	-0.001743329616921474	-0.00827260793141632	-0.012410965446475353	8.881784197001252e-16	0.0	0.0
BASE_TO_FULL_FIXED	ARITHMETIC_COVARIANCE_POOL	0.3	SPT_BASE	ENDPOINT_A	CLASS.3.txt	0.019184604805742467	0.011016683120098847	-0.004237516933552121	0.009635563835113992	0.003118560824489691	-0.002667202730609497	3.552713678800501e-15	0.0	0.0
BASE_TO_FULL_FIXED	ARITHMETIC_COVARIANCE_POOL	0.3	SPT_BASE	ENDPOINT_A	CLASS.4.txt	0.05101499959733591	0.052997322370466726	0.004725241446893458	-0.005688291611562479	0.00046490445504232536	-0.0005834125480920216	-8.881784197001252e-16	0.0	0.0
BASE_TO_FULL_FIXED	ARITHMETIC_COVARIANCE_POOL	0.3	SPT_BASE	ENDPOINT_A	CLASS.5.txt	-0.01253648334856372	-0.004012599680858653	0.004998673191388692	0.017997352230310737	-0.0005865704775328551	0.005124051449036826	-3.552713678800501e-15	0.0	0.0
BASE_TO_FULL_FIXED	ARITHMETIC_COVARIANCE_POOL	0.3	SPT_BASE	ENDPOINT_A	CLASS.6.txt	-0.05497910710044129	-0.06062049894062982	-0.00771783976107332	-0.0157775325085725	-0.0009319150035630441	0.007230168794334024	2.6645352591003757e-15	0.0	0.0
BASE_TO_FULL_FIXED	ARITHMETIC_COVARIANCE_POOL	0.3	FULL_FIXED	ENDPOINT_B	CLASS.1.txt	0.0021263365013388658	-0.0014023036202091	-0.0022604948376693246	-0.0019708088434283733	-0.0017920421704260558	-0.00022503985225663659	0.0	0.0	0.0
BASE_TO_FULL_FIXED	ARITHMETIC_COVARIANCE_POOL	0.3	FULL_FIXED	ENDPOINT_B	CLASS.2.txt	-0.0006496358081919951	-0.0007228280187452363	-9.398719477538009e-05	-0.0016894172481297653	-0.0022837765820945544	-0.0007213991265027087	8.881784197001252e-16	0.0	0.0
BASE_TO_FULL_FIXED	ARITHMETIC_COVARIANCE_POOL	0.3	FULL_FIXED	ENDPOINT_B	CLASS.3.txt	0.007418110390032151	0.009689224552830389	0.0020480242789246983	-0.0009612657896261867	0.0011767694120108363	0.00013987851288943531	-3.552713678800501e-15	0.0	0.0
BASE_TO_FULL_FIXED	ARITHMETIC_COVARIANCE_POOL	0.3	FULL_FIXED	ENDPOINT_B	CLASS.4.txt	-0.00574971543496261	-0.0030532790391828435	0.0014542851757896047	-0.0002450006685517092	0.002422979267973746	0.0005803995780727655	8.881784197001252e-16	0.0	0.0
BASE_TO_FULL_FIXED	ARITHMETIC_COVARIANCE_POOL	0.3	FULL_FIXED	ENDPOINT_B	CLASS.5.txt	0.003168185118400668	0.004828453881104977	0.0013466035732443427	5.8907261836660396e-05	0.0017493339930880758	0.00035122345442750724	-8.881784197001252e-16	0.0	0.0
BASE_TO_FULL_FIXED	ARITHMETIC_COVARIANCE_POOL	0.3	FULL_FIXED	ENDPOINT_B	CLASS.6.txt	-0.004444688727626822	-0.003402918048154735	0.0004104815297762965	0.002209175219674009	0.0004051851758248848	-0.0001266866919540366	1.7763568394002505e-15	0.0	0.0
BASE_TO_FULL_FIXED	ARITHMETIC_COVARIANCE_POOL	0.3	FULL_FIXED	ENDPOINT_B	CLASS.7.txt	-0.003420556204979608	-0.0024895291285345067	0.000404135969388153	-0.0007175845396432123	0.0010119988995553886	0.000199779255019239	0.0	0.0	0.0
BASE_TO_FULL_FIXED	ARITHMETIC_COVARIANCE_POOL	0.3	FULL_FIXED	ENDPOINT_B	CLASS.8.txt	0.0020646412188978225	-0.003098022521269783	-0.0033769811456669796	0.003174297279964766	-0.002787888977700992	-0.00016227991227113492	1.7763568394002505e-15	0.0	0.0
BASE_TO_FULL_FIXED	PRECISION_MEAN_POOL	0.3	SPT_BASE	ENDPOINT_A	CLASS.1.txt	0.023171081972987118	0.027296278744734614	0.001680408443481829	-0.000546635886661484	0.0009806867795644214	0.00022648418984866359	-3.552713678800501e-15	0.0	0.0
BASE_TO_FULL_FIXED	PRECISION_MEAN_POOL	0.3	SPT_BASE	ENDPOINT_A	CLASS.2.txt	0.007574858464747258	0.00821945872983676	0.0003195530012835013	0.0001411914850996121	-0.0009743156319286239	-0.0016124991437567737	1.0658141036401503e-14	0.0	0.0
BASE_TO_FULL_FIXED	PRECISION_MEAN_POOL	0.3	SPT_BASE	ENDPOINT_A	CLASS.3.txt	0.010413586374641959	0.0020087122997702878	-0.002606816584979743	0.004612214747938825	-0.0008061684370464228	-2.0329500314164584e-05	-1.4210854715202004e-14	0.0	0.0
BASE_TO_FULL_FIXED	PRECISION_MEAN_POOL	0.3	SPT_BASE	ENDPOINT_A	CLASS.4.txt	0.036520809243769214	0.036425762856333144	0.00048703338938826946	-0.00405709062562476	0.0010266133447449366	-0.0002976314624488219	-3.552713678800501e-15	0.0	0.0
BASE_TO_FULL_FIXED	PRECISION_MEAN_POOL	0.3	SPT_BASE	ENDPOINT_A	CLASS.5.txt	0.001938405843644908	0.005684284921007254	0.0012586350799188573	0.005822027328284407	-0.0007162255522247529	0.0020244499773439673	0.0	0.0	0.0
BASE_TO_FULL_FIXED	PRECISION_MEAN_POOL	0.3	SPT_BASE	ENDPOINT_A	CLASS.6.txt	-0.07755190336668427	-0.07777319731944932	-0.0011951449058094088	-0.0062545962294418	0.000494161648552427	-0.00013194145591893802	-3.552713678800501e-15	0.0	0.0
BASE_TO_FULL_FIXED	PRECISION_MEAN_POOL	0.3	FULL_FIXED	ENDPOINT_B	CLASS.1.txt	0.008703760355069257	0.005980243022468024	-0.0007694505255280149	-0.005601552591554371	-0.005952928382582656	-0.006386442138032744	1.4210854715202004e-14	0.0	0.0
BASE_TO_FULL_FIXED	PRECISION_MEAN_POOL	0.3	FULL_FIXED	ENDPOINT_B	CLASS.2.txt	-0.0017249248876138878	-0.002350822954098497	-0.00023035336262244854	-0.002074916860058562	-0.005217765691078596	-0.004906424219336014	-3.552713678800501e-15	3.552713678800501e-15	0.0
BASE_TO_FULL_FIXED	PRECISION_MEAN_POOL	0.3	FULL_FIXED	ENDPOINT_B	CLASS.3.txt	0.011410635029132088	0.012998431017283707	0.0006834257044558978	-0.002701773418374742	0.0034212094760125433	0.0006974529571608379	0.0	0.0	0.0
BASE_TO_FULL_FIXED	PRECISION_MEAN_POOL	0.3	FULL_FIXED	ENDPOINT_B	CLASS.4.txt	-0.03795329292728766	-0.03539246711586319	0.0003018171863354846	0.00012798329673657793	0.008367173965078412	0.008377823965538878	-7.105427357601002e-15	0.0	0.0
BASE_TO_FULL_FIXED	PRECISION_MEAN_POOL	0.3	FULL_FIXED	ENDPOINT_B	CLASS.5.txt	0.0007318878909705617	0.004203111651587932	0.00115136219565104	0.005326499294143638	0.004720878151814406	0.004377336887733285	-1.0658141036401503e-14	0.0	0.0
BASE_TO_FULL_FIXED	PRECISION_MEAN_POOL	0.3	FULL_FIXED	ENDPOINT_B	CLASS.6.txt	-0.002605062998505936	-0.0032476406774071265	-0.00024843720596434693	0.0009971576184032438	-3.331414667218091e-05	-0.005517462799892403	1.4210854715202004e-14	0.0	0.0
BASE_TO_FULL_FIXED	PRECISION_MEAN_POOL	0.3	FULL_FIXED	ENDPOINT_B	CLASS.7.txt	0.0036580858342336597	0.008182014126770554	0.0015385253574936586	0.0012977305896768598	-0.00025340279453262005	0.0011142920494600084	0.0	0.0	0.0
BASE_TO_FULL_FIXED	PRECISION_MEAN_POOL	0.3	FULL_FIXED	ENDPOINT_B	CLASS.8.txt	0.025193165265575246	0.016448198105933898	-0.002501609865385057	0.0025799184840480383	-0.005271030486465017	0.0033478525764416567	-7.105427357601002e-15	0.0	0.0
BASE_TO_FULL_FIXED	ARITHMETIC_COVARIANCE_POOL	0.5	SPT_BASE	ENDPOINT_A	CLASS.1.txt	-0.0030151586598599067	0.0021692965295074806	0.0033536301622204556	-0.00811142031320633	-0.002839850735079641	-0.0011862107789275544	8.881784197001252e-16	0.0	0.0
BASE_TO_FULL_FIXED	ARITHMETIC_COVARIANCE_POOL	0.5	SPT_BASE	ENDPOINT_A	CLASS.2.txt	0.0122190963656017	0.018201255738418798	0.004971394852299249	-0.008112302196817023	-0.003737984936448391	-0.01016411454806354	2.6645352591003757e-15	0.0	0.0
BASE_TO_FULL_FIXED	ARITHMETIC_COVARIANCE_POOL	0.5	SPT_BASE	ENDPOINT_A	CLASS.3.txt	0.021821755837521994	0.012266301509234356	-0.004951822257867167	0.015711076083262276	-0.003190944939467255	-0.006506669237585916	0.0	0.0	0.0
BASE_TO_FULL_FIXED	ARITHMETIC_COVARIANCE_POOL	0.5	SPT_BASE	ENDPOINT_A	CLASS.4.txt	0.06665202375404888	0.06410938565846447	0.002960138507143495	-0.013622278616093664	0.004112218436556514	-0.0006511774621771327	0.0	0.0	0.0
BASE_TO_FULL_FIXED	ARITHMETIC_COVARIANCE_POOL	0.5	SPT_BASE	ENDPOINT_A	CLASS.5.txt	-0.03540978369382586	-0.027526991061237904	0.0029193882981719543	0.023361452118311754	0.0002534210634741463	0.006683583743766985	-8.881784197001252e-16	0.0	0.0
BASE_TO_FULL_FIXED	ARITHMETIC_COVARIANCE_POOL	0.5	SPT_BASE	ENDPOINT_A	CLASS.6.txt	-0.05047811904916122	-0.057442621797489934	-0.00854897928518783	-0.008994624233814585	0.0021373299536698864	0.011814160562273135	1.7763568394002505e-15	0.0	0.0
BASE_TO_FULL_FIXED	ARITHMETIC_COVARIANCE_POOL	0.5	FULL_FIXED	ENDPOINT_B	CLASS.1.txt	0.0012042632312700974	-0.0022656181292823874	-0.002295256987923655	-0.0006858076806796065	-0.0009525932500086265	-0.00045756911300287584	0.0	0.0	0.0
BASE_TO_FULL_FIXED	ARITHMETIC_COVARIANCE_POOL	0.5	FULL_FIXED	ENDPOINT_B	CLASS.2.txt	-0.003314704518413869	-0.002883465823881881	5.867486027866242e-05	-0.0001597375662854006	-0.002955861875908461	-0.0007502042205886905	0.0	0.0	0.0
BASE_TO_FULL_FIXED	ARITHMETIC_COVARIANCE_POOL	0.5	FULL_FIXED	ENDPOINT_B	CLASS.3.txt	0.010522483734251242	0.012624797633034035	0.0021919197090433107	-0.001302093471664434	0.000513266464404083	0.0002243245058162202	1.7763568394002505e-15	0.0	0.0
BASE_TO_FULL_FIXED	ARITHMETIC_COVARIANCE_POOL	0.5	FULL_FIXED	ENDPOINT_B	CLASS.4.txt	-0.001507351575379623	-0.00013046618692280632	0.000838725979894761	0.0007316714252080248	0.0024277312399688666	0.00017875460064886717	2.6645352591003757e-15	0.0	0.0
BASE_TO_FULL_FIXED	ARITHMETIC_COVARIANCE_POOL	0.5	FULL_FIXED	ENDPOINT_B	CLASS.5.txt	7.47071421387524e-05	0.003584530660154517	0.0024188863898391144	-0.002648776672539377	0.0016900393206262798	0.0010508363138811427	-8.881784197001252e-16	0.0	0.0
BASE_TO_FULL_FIXED	ARITHMETIC_COVARIANCE_POOL	0.5	FULL_FIXED	ENDPOINT_B	CLASS.6.txt	-0.007664367295399099	-0.006444598248021016	0.0002893622960293829	0.0016186469835330897	0.0011395919747303473	-0.00010226164663740267	-8.881784197001252e-16	0.0	0.0
BASE_TO_FULL_FIXED	ARITHMETIC_COVARIANCE_POOL	0.5	FULL_FIXED	ENDPOINT_B	CLASS.7.txt	-0.0046119584283217385	-0.0036621857516849765	0.0003224754118256179	-0.0014465977900092186	0.00042250514371922065	0.00028244525130938225	4.440892098500626e-15	0.0	0.0
BASE_TO_FULL_FIXED	ARITHMETIC_COVARIANCE_POOL	0.5	FULL_FIXED	ENDPOINT_B	CLASS.8.txt	0.005830262592324331	-0.00040073699189013823	-0.003850241870102411	0.0037718830479077647	-0.002395692932574245	-0.0003534910513792733	0.0	0.0	0.0
BASE_TO_FULL_FIXED	PRECISION_MEAN_POOL	0.5	SPT_BASE	ENDPOINT_A	CLASS.1.txt	0.03066988895810141	0.03216875116623896	0.0008995433091792959	-0.0029951275179810333	0.0010981989528112968	-2.9208174941119935e-05	2.1316282072803006e-14	0.0	0.0
BASE_TO_FULL_FIXED	PRECISION_MEAN_POOL	0.5	SPT_BASE	ENDPOINT_A	CLASS.2.txt	0.021988952353297897	0.029024203556497596	0.002576589282354491	-0.0013118946727221914	-0.0002087564663787178	-0.0019145916504969551	7.105427357601002e-15	0.0	0.0
BASE_TO_FULL_FIXED	PRECISION_MEAN_POOL	0.5	SPT_BASE	ENDPOINT_A	CLASS.3.txt	-0.011477615858463963	-0.02154992089325436	-0.0034314559657829813	0.005018029469184948	-0.0015563448200215935	0.0003624252118387128	-3.552713678800501e-15	0.0	0.0
BASE_TO_FULL_FIXED	PRECISION_MEAN_POOL	0.5	SPT_BASE	ENDPOINT_A	CLASS.4.txt	0.06506180305801568	0.05943045915208689	-0.0009339126928007424	-0.003055994772289128	0.0011941939613721864	-0.0003545479101556559	0.0	0.0	0.0
BASE_TO_FULL_FIXED	PRECISION_MEAN_POOL	0.5	SPT_BASE	ENDPOINT_A	CLASS.5.txt	-0.030399338537535847	-0.02542459015004983	0.0012091979755449733	0.007494735388315021	-0.001032236116741303	0.0022909894046925228	0.0	3.552713678800501e-15	0.0
BASE_TO_FULL_FIXED	PRECISION_MEAN_POOL	0.5	SPT_BASE	ENDPOINT_A	CLASS.6.txt	-0.07257725718381369	-0.07089930631788377	-0.0004474289134466236	-0.005499743369342003	0.0005432094356192518	-0.00010823549938898669	3.552713678800501e-15	0.0	0.0
BASE_TO_FULL_FIXED	PRECISION_MEAN_POOL	0.5	FULL_FIXED	ENDPOINT_B	CLASS.1.txt	-0.029864362905814623	-0.03032114647855888	-0.0005572714414990854	-0.007783901673116489	-0.003694203353872355	-0.007532546231127757	0.0	0.0	0.0
BASE_TO_FULL_FIXED	PRECISION_MEAN_POOL	0.5	FULL_FIXED	ENDPOINT_B	CLASS.2.txt	-0.021065080308289907	-0.022798892750929944	-0.0008525425119787489	0.0011635119842334785	-0.004358795513614955	-0.0007530988212883227	0.0	0.0	0.0
BASE_TO_FULL_FIXED	PRECISION_MEAN_POOL	0.5	FULL_FIXED	ENDPOINT_B	CLASS.3.txt	0.06643463652748505	0.06670505605509902	0.0009805699424547676	-0.0031023419571792887	-0.0007105299933978237	-0.002522399584998447	0.0	0.0	0.0
BASE_TO_FULL_FIXED	PRECISION_MEAN_POOL	0.5	FULL_FIXED	ENDPOINT_B	CLASS.4.txt	-0.01583909120035809	-0.013947542000403601	0.00040015923716785196	0.0018641446595917266	0.005229455319821413	0.005341861592630892	0.0	0.0	0.0
BASE_TO_FULL_FIXED	PRECISION_MEAN_POOL	0.5	FULL_FIXED	ENDPOINT_B	CLASS.5.txt	0.0078387473547199	0.013649612637878228	0.0019926436562740513	0.00526637580977396	0.0074043852203194704	0.009300483116031877	0.0	0.0	0.0
BASE_TO_FULL_FIXED	PRECISION_MEAN_POOL	0.5	FULL_FIXED	ENDPOINT_B	CLASS.6.txt	-0.03768208946727558	-0.03701276367170081	-0.00029692180802065593	-0.001519444201054987	0.004938940565996475	-0.007076911297551336	3.552713678800501e-15	0.0	0.0
BASE_TO_FULL_FIXED	PRECISION_MEAN_POOL	0.5	FULL_FIXED	ENDPOINT_B	CLASS.7.txt	0.01449736464638196	0.018901977315060492	0.0016246861008620828	0.0026890786937353583	-0.0037003683432375034	0.004398853546880299	1.4210854715202004e-14	0.0	0.0
BASE_TO_FULL_FIXED	PRECISION_MEAN_POOL	0.5	FULL_FIXED	ENDPOINT_B	CLASS.8.txt	0.028622319097401316	0.017045566427371206	-0.003351991639242935	0.001472711409923333	-0.005360116581353769	0.000681129652639556	-2.1316282072803006e-14	0.0	0.0
ACT_TO_FULL_FIXED	ARITHMETIC_COVARIANCE_POOL	0.3	SPT_ACT	ENDPOINT_A	CLASS.1.txt	-0.0004800696211098021	0.0074360968897471125	0.004567159926752717	0.0018365302158426244	0.0036084658747665005	0.0012456255702750219	1.7763568394002505e-15	0.0	0.0
ACT_TO_FULL_FIXED	ARITHMETIC_COVARIANCE_POOL	0.3	SPT_ACT	ENDPOINT_A	CLASS.2.txt	-0.01911008845866302	-0.01228558823363013	-0.00018955153291166926	-0.0021887676697960323	-0.0008210238706066568	0.004757724988035172	9.992007221626409e-15	0.0	0.0
ACT_TO_FULL_FIXED	ARITHMETIC_COVARIANCE_POOL	0.3	SPT_ACT	ENDPOINT_A	CLASS.3.txt	0.008922306375755085	-0.00031494991352332136	-0.003451039433011116	0.0003428259299756986	-0.004644670167244767	-0.0047834239152831914	-2.6645352591003757e-15	0.0	0.0
ACT_TO_FULL_FIXED	ARITHMETIC_COVARIANCE_POOL	0.3	SPT_ACT	ENDPOINT_A	CLASS.4.txt	0.0006747493445358188	0.001743244838306346	0.0007773644708084504	-0.012438078126448593	0.004832655300087436	-0.0006332426448747985	-2.6645352591003757e-15	0.0	0.0
ACT_TO_FULL_FIXED	ARITHMETIC_COVARIANCE_POOL	0.3	SPT_ACT	ENDPOINT_A	CLASS.5.txt	-0.010013003923540875	-0.005156104308989384	0.0006588438219772286	0.008761440624916239	-0.006224999837518258	-0.0067019112602946795	-3.774758283725532e-15	0.0	0.0
ACT_TO_FULL_FIXED	ARITHMETIC_COVARIANCE_POOL	0.3	SPT_ACT	ENDPOINT_A	CLASS.6.txt	0.0019715605397823133	0.0026387882557818987	0.0008260381301564701	0.0024413901036902663	-0.0005534650772076738	-0.001228026216893774	-4.440892098500626e-15	0.0	0.0
ACT_TO_FULL_FIXED	ARITHMETIC_COVARIANCE_POOL	0.3	SPT_ACT	ENDPOINT_A	CLASS.7.txt	0.0025505316575684667	0.005930671860368886	0.002551317653173457	-0.0024557184430994417	0.002390044069269494	0.006242091243132908	1.7763568394002505e-15	0.0	0.0
ACT_TO_FULL_FIXED	ARITHMETIC_COVARIANCE_POOL	0.3	SPT_ACT	ENDPOINT_A	CLASS.8.txt	0.017368242865910766	0.002152864036210289	-0.005075105263111779	0.0021477641191158803	0.001860952523936612	0.0012131360272381042	-5.551115123125783e-15	0.0	0.0
ACT_TO_FULL_FIXED	ARITHMETIC_COVARIANCE_POOL	0.3	FULL_FIXED	ENDPOINT_B	CLASS.1.txt	0.008389232962188409	0.008226217196060759	0.0017446544118889795	-0.00398364176848065	-0.0024470776387658724	-0.003481874825961906	1.1102230246251565e-15	0.0	0.0
ACT_TO_FULL_FIXED	ARITHMETIC_COVARIANCE_POOL	0.3	FULL_FIXED	ENDPOINT_B	CLASS.2.txt	-0.01090249422923728	-0.010185833741890749	-0.0019843240594941136	-0.0012628786773906109	0.0009529703842087282	-0.001927729166136205	6.8833827526759706e-15	0.0	0.0
ACT_TO_FULL_FIXED	ARITHMETIC_COVARIANCE_POOL	0.3	FULL_FIXED	ENDPOINT_B	CLASS.3.txt	0.005445080648204481	-0.007458149917151324	-0.006353201647256945	0.001409253180524206	0.00264343766396748	-9.910490915487902e-05	2.6645352591003757e-15	2.220446049250313e-16	0.0
ACT_TO_FULL_FIXED	ARITHMETIC_COVARIANCE_POOL	0.3	FULL_FIXED	ENDPOINT_B	CLASS.4.txt	-0.002253244153411771	0.007930640618049711	0.005522482005302087	0.0031873191246295507	0.000847068381643605	0.0026092514945138534	-3.9968028886505635e-15	0.0	0.0
ACT_TO_FULL_FIXED	ARITHMETIC_COVARIANCE_POOL	0.3	FULL_FIXED	ENDPOINT_B	CLASS.5.txt	0.004394827059098549	0.0013121287618573785	-0.0008451058808947032	-0.0009286455468787702	-0.0006021260839969185	0.0018121688854559892	-2.886579864025407e-15	0.0	0.0
ACT_TO_FULL_FIXED	ARITHMETIC_COVARIANCE_POOL	0.3	FULL_FIXED	ENDPOINT_B	CLASS.6.txt	-0.004294522852342553	0.0010105969260862935	0.0021846649878743407	0.0038365941962882344	0.0014573242732312808	0.0003593664223618398	-1.3322676295501878e-15	0.0	0.0
ACT_TO_FULL_FIXED	ARITHMETIC_COVARIANCE_POOL	0.3	FULL_FIXED	ENDPOINT_B	CLASS.7.txt	0.004005080120427884	0.003963630703355703	0.0008555291217332561	-6.273753661245607e-05	3.174337700091734e-07	-7.672738854469507e-05	8.881784197001252e-16	0.0	0.0
ACT_TO_FULL_FIXED	ARITHMETIC_COVARIANCE_POOL	0.3	FULL_FIXED	ENDPOINT_B	CLASS.8.txt	-0.0034506554589763816	-0.003726282744115572	-0.0009222532776890779	-0.0032394269010900256	-0.002359879596516911	0.0011141338530602507	-2.6645352591003757e-15	0.0	0.0
ACT_TO_FULL_FIXED	PRECISION_MEAN_POOL	0.3	SPT_ACT	ENDPOINT_A	CLASS.1.txt	-0.002909702589217744	0.008865554373356899	0.005519093349324933	0.0016933388355874213	0.0007230647167768841	0.0007017689048255393	-3.1086244689504383e-15	0.0	0.0
ACT_TO_FULL_FIXED	PRECISION_MEAN_POOL	0.3	SPT_ACT	ENDPOINT_A	CLASS.2.txt	-0.015547806579227164	-0.001628658417512252	0.004559732991739729	-0.00022873319156846428	-0.00041276436731486687	0.0032846425077300845	2.6645352591003757e-15	0.0	0.0
ACT_TO_FULL_FIXED	PRECISION_MEAN_POOL	0.3	SPT_ACT	ENDPOINT_A	CLASS.3.txt	0.012415476177336071	0.0008806471177367214	-0.0037984168314521005	-0.00036204696337804876	-0.0005346535378408627	-0.003309423219347518	4.440892098500626e-16	0.0	0.0
ACT_TO_FULL_FIXED	PRECISION_MEAN_POOL	0.3	SPT_ACT	ENDPOINT_A	CLASS.4.txt	0.0027004902447953505	0.0010522713819607343	-0.0003947847234430091	-0.005823450407652864	0.0010608686582760205	-0.0003148589054406403	1.7763568394002505e-15	0.0	0.0
ACT_TO_FULL_FIXED	PRECISION_MEAN_POOL	0.3	SPT_ACT	ENDPOINT_A	CLASS.5.txt	-0.017051846377034163	-0.0076199116777726505	0.002016218346076293	0.0034088183932590166	0.0005503471669006833	-0.003258795281596394	-4.884981308350689e-15	0.0	0.0
ACT_TO_FULL_FIXED	PRECISION_MEAN_POOL	0.3	SPT_ACT	ENDPOINT_A	CLASS.6.txt	-0.004454362285350566	-0.008829906754139527	-0.002945750273252501	0.001026586794326212	0.0008830739281064419	-0.0004242763775995084	-8.881784197001252e-16	0.0	0.0
ACT_TO_FULL_FIXED	PRECISION_MEAN_POOL	0.3	SPT_ACT	ENDPOINT_A	CLASS.7.txt	-0.0026109167520171894	0.0027325308151473493	0.0022888377466245835	-0.0014030325518294973	0.00011395694992754517	0.0026202232486974286	-2.6645352591003757e-15	0.0	0.0
ACT_TO_FULL_FIXED	PRECISION_MEAN_POOL	0.3	SPT_ACT	ENDPOINT_A	CLASS.8.txt	0.029533164182747207	0.004625769446829686	-0.0076949647375901264	0.0008951382966365662	0.0009741177485638348	0.0011460815494185872	1.7763568394002505e-15	4.440892098500626e-16	0.0
ACT_TO_FULL_FIXED	PRECISION_MEAN_POOL	0.3	FULL_FIXED	ENDPOINT_B	CLASS.1.txt	0.012445102340835845	0.0063281306732903	-0.0010660930599357687	-0.0032039722384979985	2.841597560889061e-05	-0.005392199487113003	-1.3322676295501878e-15	0.0	0.0
ACT_TO_FULL_FIXED	PRECISION_MEAN_POOL	0.3	FULL_FIXED	ENDPOINT_B	CLASS.2.txt	-0.02447400389860155	-0.015932829944810933	0.00034179806884765407	0.0017274254458774507	-0.00028346984822412164	-0.0038358025627311387	2.6645352591003757e-15	0.0	0.0
ACT_TO_FULL_FIXED	PRECISION_MEAN_POOL	0.3	FULL_FIXED	ENDPOINT_B	CLASS.3.txt	0.016756709675240344	0.005321411771320728	-0.003041127035121771	0.0009714093098226462	0.0025778340417244405	0.0010847313202980713	6.217248937900877e-15	0.0	0.0
ACT_TO_FULL_FIXED	PRECISION_MEAN_POOL	0.3	FULL_FIXED	ENDPOINT_B	CLASS.4.txt	-0.01430538293992889	-0.008244894797430735	0.0007438196616056936	-0.0010236056937220628	0.0020956046565305175	0.006869291483996953	-2.220446049250313e-15	0.0	0.0
ACT_TO_FULL_FIXED	PRECISION_MEAN_POOL	0.3	FULL_FIXED	ENDPOINT_B	CLASS.5.txt	-0.013911881781558666	-0.024420485006172	-0.00760662536182527	-0.00027612115082531474	0.0005025506153934163	0.0030556649793372914	4.440892098500626e-16	-4.440892098500626e-16	0.0
ACT_TO_FULL_FIXED	PRECISION_MEAN_POOL	0.3	FULL_FIXED	ENDPOINT_B	CLASS.6.txt	-0.006203135417501393	0.0011435134834469896	0.0027238997083879335	0.0008718706394232889	0.0020007690613307724	-0.0035904304846030577	-4.440892098500626e-15	0.0	0.0
ACT_TO_FULL_FIXED	PRECISION_MEAN_POOL	0.3	FULL_FIXED	ENDPOINT_B	CLASS.7.txt	-0.006082236576015809	-0.006283432793686039	-0.0010961280986713229	0.00027727522737797106	-0.0005001635881220756	0.0012813826235991144	7.549516567451064e-15	0.0	0.0
ACT_TO_FULL_FIXED	PRECISION_MEAN_POOL	0.3	FULL_FIXED	ENDPOINT_B	CLASS.8.txt	0.042752969685999176	0.04944096370030837	0.010259794996606175	-0.00040150984226972053	0.001016971185845831	0.0008412722182458143	1.021405182655144e-14	0.0	0.0
ACT_TO_FULL_FIXED	ARITHMETIC_COVARIANCE_POOL	0.5	SPT_ACT	ENDPOINT_A	CLASS.1.txt	0.0018065843832419937	0.010227975814122825	0.005599837194608659	0.001470220305737735	0.003990289878881455	0.004661077586206763	8.881784197001252e-16	0.0	0.0
ACT_TO_FULL_FIXED	ARITHMETIC_COVARIANCE_POOL	0.5	SPT_ACT	ENDPOINT_A	CLASS.2.txt	-0.03460914488970346	-0.02801274202487547	-0.0034386440692434905	-0.004632883220192174	0.0016492607070504109	0.0032338144924178858	2.6645352591003757e-15	0.0	0.0
ACT_TO_FULL_FIXED	ARITHMETIC_COVARIANCE_POOL	0.5	SPT_ACT	ENDPOINT_A	CLASS.3.txt	0.026571276905517305	0.009232154684279958	-0.00489660003135034	-0.00014182555212416403	-0.0060456997262081195	-0.0033733330086520574	-2.886579864025407e-15	2.220446049250313e-16	0.0
ACT_TO_FULL_FIXED	ARITHMETIC_COVARIANCE_POOL	0.5	SPT_ACT	ENDPOINT_A	CLASS.4.txt	-0.006504290031989157	-0.0019942945211608443	0.0013865678736989517	-0.01185514267126686	0.003337994425258506	-2.038697313472282e-05	-1.1102230246251565e-15	-2.220446049250313e-16	0.0
ACT_TO_FULL_FIXED	ARITHMETIC_COVARIANCE_POOL	0.5	SPT_ACT	ENDPOINT_A	CLASS.5.txt	-0.0016428763563629545	-0.000891291550396689	0.0001097850354033203	0.009524798464439765	-0.004381075235600548	-0.008109165280119013	5.329070518200751e-15	0.0	0.0
ACT_TO_FULL_FIXED	ARITHMETIC_COVARIANCE_POOL	0.5	SPT_ACT	ENDPOINT_A	CLASS.6.txt	-0.00038904717795729127	-0.0008388496318074701	-0.0003614182380761721	0.0005308414602421818	-0.002866709590160506	0.00016147158770413172	-1.7763568394002505e-15	0.0	0.0
ACT_TO_FULL_FIXED	ARITHMETIC_COVARIANCE_POOL	0.5	SPT_ACT	ENDPOINT_A	CLASS.7.txt	0.004974134478646253	0.012620101449252852	0.005796531671952099	-0.0032477996796826947	0.001911729520097584	0.003186419138831942	-6.439293542825908e-15	2.220446049250313e-16	0.0
ACT_TO_FULL_FIXED	ARITHMETIC_COVARIANCE_POOL	0.5	SPT_ACT	ENDPOINT_A	CLASS.8.txt	0.01360809805884644	0.003831927210566466	-0.003074266164865891	0.0059380931786680025	0.0031626442034128344	0.00030236390821630765	4.440892098500626e-16	0.0	0.0
ACT_TO_FULL_FIXED	ARITHMETIC_COVARIANCE_POOL	0.5	FULL_FIXED	ENDPOINT_B	CLASS.1.txt	0.0061306175978517174	0.0010776113737540616	-0.0017896920978284214	-0.00390475261777945	-0.0031947088315107328	-0.004278960421924993	-1.7763568394002505e-15	0.0	0.0
ACT_TO_FULL_FIXED	ARITHMETIC_COVARIANCE_POOL	0.5	FULL_FIXED	ENDPOINT_B	CLASS.2.txt	-0.006216782225652917	-0.009077847113310389	-0.0031089937369388476	-0.0025732424398580145	-0.0003428688032594378	-0.0011163903144918441	-1.9984014443252818e-15	0.0	0.0
ACT_TO_FULL_FIXED	ARITHMETIC_COVARIANCE_POOL	0.5	FULL_FIXED	ENDPOINT_B	CLASS.3.txt	-0.0012419890747499274	-0.00951793900932274	-0.005360870507846727	0.001529743210986756	0.002069374135087919	-0.0011865528679387838	-2.220446049250313e-15	0.0	0.0
ACT_TO_FULL_FIXED	ARITHMETIC_COVARIANCE_POOL	0.5	FULL_FIXED	ENDPOINT_B	CLASS.4.txt	0.00225993996753715	0.005006394194858821	0.002182415644753688	0.0035529981532215205	-0.0011188418000250312	0.0018026282309996922	4.440892098500626e-16	0.0	0.0
ACT_TO_FULL_FIXED	ARITHMETIC_COVARIANCE_POOL	0.5	FULL_FIXED	ENDPOINT_B	CLASS.5.txt	-0.0019405973876316374	0.010856396123658296	0.007518698722985884	-0.003541467171367163	0.0017332985000364926	0.0039717535942383475	-6.661338147750939e-16	0.0	0.0
ACT_TO_FULL_FIXED	ARITHMETIC_COVARIANCE_POOL	0.5	FULL_FIXED	ENDPOINT_B	CLASS.6.txt	-0.004474111318482521	-0.0036480351349716944	-0.00045543435120570797	0.003785872164333237	0.00323903735555732	6.101884714443395e-05	5.329070518200751e-15	-2.220446049250313e-16	0.0
ACT_TO_FULL_FIXED	ARITHMETIC_COVARIANCE_POOL	0.5	FULL_FIXED	ENDPOINT_B	CLASS.7.txt	0.010381197560899391	0.01264283317023085	0.0036231620999995773	0.0010705100851845506	-0.0011260434166996125	0.0011005675666810322	3.1086244689504383e-15	0.0	0.0
ACT_TO_FULL_FIXED	ARITHMETIC_COVARIANCE_POOL	0.5	FULL_FIXED	ENDPOINT_B	CLASS.8.txt	-0.0032095342104256908	-0.0057888025008827615	-0.0022838465656870865	-0.0011886730907014753	-0.0007350722894871528	5.89097816780515e-05	-7.771561172376096e-15	-2.220446049250313e-16	0.0
ACT_TO_FULL_FIXED	PRECISION_MEAN_POOL	0.5	SPT_ACT	ENDPOINT_A	CLASS.1.txt	-0.0064465447287482824	0.0039693976669605835	0.0045480253688489625	0.001719329906254785	0.0010608197637672545	0.0021054820492475423	-8.881784197001252e-16	-4.440892098500626e-16	0.0
ACT_TO_FULL_FIXED	PRECISION_MEAN_POOL	0.5	SPT_ACT	ENDPOINT_A	CLASS.2.txt	-0.02473636368926657	-0.012241363841650532	0.002771725951819126	-0.0011313144818402288	-0.00027173129136440547	0.002401735785461323	-3.552713678800501e-15	0.0	0.0
ACT_TO_FULL_FIXED	PRECISION_MEAN_POOL	0.5	SPT_ACT	ENDPOINT_A	CLASS.3.txt	0.02215630338572039	-0.001611036392039189	-0.009033709027566061	-0.0011412648146069682	-0.0006258630957527445	-0.0023346779905379367	-3.552713678800501e-15	0.0	0.0
ACT_TO_FULL_FIXED	PRECISION_MEAN_POOL	0.5	SPT_ACT	ENDPOINT_A	CLASS.4.txt	-0.007046460892766504	-0.0021002006884569546	0.0015247335953490482	-0.005438513807101919	-0.0004134206646665156	-0.0006856533994015757	4.440892098500626e-16	0.0	0.0
ACT_TO_FULL_FIXED	PRECISION_MEAN_POOL	0.5	SPT_ACT	ENDPOINT_A	CLASS.5.txt	-0.0036925261606035598	0.0010256048941976736	0.0019328629467167957	0.003866844286888993	-0.0007015737224721496	-0.003971095824718662	-3.1086244689504383e-15	0.0	0.0
ACT_TO_FULL_FIXED	PRECISION_MEAN_POOL	0.5	SPT_ACT	ENDPOINT_A	CLASS.6.txt	-0.0010417375090399084	-0.005290825587803694	-0.002424992426184991	-2.3010265011280673e-05	-3.381150345624687e-05	4.24845184821554e-05	1.7763568394002505e-15	0.0	0.0
ACT_TO_FULL_FIXED	PRECISION_MEAN_POOL	0.5	SPT_ACT	ENDPOINT_A	CLASS.7.txt	-0.0017353205636450042	0.011062003106606433	0.006565225334069946	-0.001857319942572988	-1.350732544414218e-05	0.0013183767927907875	-8.881784197001252e-16	0.0	0.0
ACT_TO_FULL_FIXED	PRECISION_MEAN_POOL	0.5	SPT_ACT	ENDPOINT_A	CLASS.8.txt	0.02605231198511504	0.006192048667781114	-0.006371608343907709	0.0028283785123711658	0.001623568544279131	0.0016900615344525027	0.0	0.0	0.0
ACT_TO_FULL_FIXED	PRECISION_MEAN_POOL	0.5	FULL_FIXED	ENDPOINT_B	CLASS.1.txt	0.0013231273529803467	-0.008603327513958092	-0.005060353297842435	-0.003813609550853747	-0.0007892067279404225	-0.005374959047653671	5.329070518200751e-15	4.440892098500626e-16	0.0
ACT_TO_FULL_FIXED	PRECISION_MEAN_POOL	0.5	FULL_FIXED	ENDPOINT_B	CLASS.2.txt	-0.020020026882774378	-0.016231677824167345	-0.0011561709813573962	0.0005575086312856747	0.0001556590087461215	-0.0010103324138731606	-4.440892098500626e-16	-4.440892098500626e-16	0.0
ACT_TO_FULL_FIXED	PRECISION_MEAN_POOL	0.5	FULL_FIXED	ENDPOINT_B	CLASS.3.txt	0.008613350243547924	0.0025019672336199505	-0.0018841661172771529	0.0007414358385668951	0.0011634605339859278	-0.0018733900154414562	-4.440892098500626e-16	0.0	0.0
ACT_TO_FULL_FIXED	PRECISION_MEAN_POOL	0.5	FULL_FIXED	ENDPOINT_B	CLASS.4.txt	-0.008267963223259844	-0.00808506753538607	-0.0012128098866396875	-0.00017102064440921438	0.0009234360188283371	0.004386515304175942	4.440892098500626e-15	0.0	0.0
ACT_TO_FULL_FIXED	PRECISION_MEAN_POOL	0.5	FULL_FIXED	ENDPOINT_B	CLASS.5.txt	-0.018276144970475805	-0.00831283718595377	0.0024351490952662647	-0.0019094394256886638	0.0018518929079167738	0.007112665998056433	-4.884981308350689e-15	0.0	0.0
ACT_TO_FULL_FIXED	PRECISION_MEAN_POOL	0.5	FULL_FIXED	ENDPOINT_B	CLASS.6.txt	-0.01751869137508999	-0.015928931425253534	-0.0019341576568901453	0.00041979542616199517	0.003641008305462671	-0.0041243775364677715	2.220446049250313e-15	0.0	0.0
ACT_TO_FULL_FIXED	PRECISION_MEAN_POOL	0.5	FULL_FIXED	ENDPOINT_B	CLASS.7.txt	0.00318753527706761	0.002672571309602967	0.00022950719085057525	0.0018637154330879424	0.0007772493077922842	0.0027102599466255484	4.884981308350689e-15	0.0	0.0
ACT_TO_FULL_FIXED	PRECISION_MEAN_POOL	0.5	FULL_FIXED	ENDPOINT_B	CLASS.8.txt	0.061497987228078976	0.0632317880425417	0.010458204349619915	0.0010698549047158945	-0.00047638545595463176	-0.0009960627409962841	-3.1086244689504383e-15	0.0	0.0
PR4_TO_FULL_FIXED	ARITHMETIC_COVARIANCE_POOL	0.3	SPT_PR4	ENDPOINT_A	CLASS.1.txt	-0.009752759561096447	-0.008173336110301577	-0.0001939356330452613	-0.0001228319635481201	0.002228100741367485	-0.0006699238526404472	-8.881784197001252e-16	0.0	0.0
PR4_TO_FULL_FIXED	ARITHMETIC_COVARIANCE_POOL	0.3	SPT_PR4	ENDPOINT_A	CLASS.2.txt	0.013818285206049108	0.005282987612745149	-0.005103626690837859	-0.0016718637472749043	0.00020733610801655297	0.00017492332312796233	0.0	-4.440892098500626e-16	0.0
PR4_TO_FULL_FIXED	ARITHMETIC_COVARIANCE_POOL	0.3	SPT_PR4	ENDPOINT_A	CLASS.3.txt	-0.017555699534709257	-0.022110029369287076	-0.00676451017968327	-0.0004962864082853624	-0.0014380177134810032	0.003960729489342479	4.440892098500626e-16	0.0	0.0
PR4_TO_FULL_FIXED	ARITHMETIC_COVARIANCE_POOL	0.3	SPT_PR4	ENDPOINT_A	CLASS.4.txt	0.01927523157903166	0.008717880681881063	-0.005949201156067785	0.0027943740868690004	-0.0052292552640927845	0.003955273038691892	0.0	-4.440892098500626e-16	0.0
PR4_TO_FULL_FIXED	ARITHMETIC_COVARIANCE_POOL	0.3	SPT_PR4	ENDPOINT_A	CLASS.5.txt	-0.0016441565695584082	0.011896453482104663	0.011459926367873075	0.0002624166054421284	0.0001562848212800054	-0.007352960639407019	-8.881784197001252e-16	0.0	0.0
PR4_TO_FULL_FIXED	ARITHMETIC_COVARIANCE_POOL	0.3	SPT_PR4	ENDPOINT_A	CLASS.6.txt	-0.0003504507050180461	0.00819707853323659	0.007327844244512938	-0.003096436347101217	0.0031744826514917106	0.00033882298901036223	0.0	0.0	0.0
PR4_TO_FULL_FIXED	ARITHMETIC_COVARIANCE_POOL	0.3	FULL_FIXED	ENDPOINT_B	CLASS.1.txt	-0.015614338020087715	-0.02484926748394356	-0.010486376592677482	-0.0010479671784503486	0.0004671853786843358	-0.001851344781340608	4.440892098500626e-16	0.0	0.0
PR4_TO_FULL_FIXED	ARITHMETIC_COVARIANCE_POOL	0.3	FULL_FIXED	ENDPOINT_B	CLASS.2.txt	-0.0002932229005543352	-0.008852285925349257	-0.007399281320890072	-0.0008059363827379595	0.001301533942583425	-0.003649725277047572	0.0	-4.440892098500626e-16	0.0
PR4_TO_FULL_FIXED	ARITHMETIC_COVARIANCE_POOL	0.3	FULL_FIXED	ENDPOINT_B	CLASS.3.txt	0.008894738658477008	0.01967306183930395	0.010692974865519345	-0.001393248244056955	0.0031424996613982487	-0.00015909957046833512	1.3322676295501878e-15	0.0	0.0
PR4_TO_FULL_FIXED	ARITHMETIC_COVARIANCE_POOL	0.3	FULL_FIXED	ENDPOINT_B	CLASS.4.txt	-0.0034339310757907082	0.00350976059957242	0.0054548815059666245	-0.00010780345522964918	0.001451731792989762	0.004732675547216431	0.0	0.0	0.0
PR4_TO_FULL_FIXED	ARITHMETIC_COVARIANCE_POOL	0.3	FULL_FIXED	ENDPOINT_B	CLASS.5.txt	0.00414853961332029	0.015003341703462514	0.010025926017328657	-0.00028577544123775667	0.0002852691496162338	-0.00023817341345808152	0.0	0.0	0.0
PR4_TO_FULL_FIXED	ARITHMETIC_COVARIANCE_POOL	0.3	FULL_FIXED	ENDPOINT_B	CLASS.6.txt	0.00029724241326389844	0.0008379461399097288	0.0005130834977430387	0.001549498103144753	-0.0019952327168352053	-0.0034044477089739955	8.881784197001252e-16	0.0	0.0
PR4_TO_FULL_FIXED	ARITHMETIC_COVARIANCE_POOL	0.3	FULL_FIXED	ENDPOINT_B	CLASS.7.txt	-0.009918956503548237	-0.00653680309465976	0.001341018473436817	-0.0007080492016791062	0.0005674252592915187	0.001531388676010853	-1.7763568394002505e-15	4.440892098500626e-16	0.0
PR4_TO_FULL_FIXED	ARITHMETIC_COVARIANCE_POOL	0.3	FULL_FIXED	ENDPOINT_B	CLASS.8.txt	0.018139165273827418	0.0022249092295481	-0.010672385190445666	0.0018580086473507507	-0.005275670315492701	0.0034522321358869956	8.881784197001252e-16	0.0	0.0
PR4_TO_FULL_FIXED	PRECISION_MEAN_POOL	0.3	SPT_PR4	ENDPOINT_A	CLASS.1.txt	-0.005414732483920215	-0.003916404064417955	0.00045480850872714473	-0.00010887173318396837	0.0019375220069044602	-0.0005644140942892562	-8.881784197001252e-16	0.0	0.0
PR4_TO_FULL_FIXED	PRECISION_MEAN_POOL	0.3	SPT_PR4	ENDPOINT_A	CLASS.2.txt	0.010163274056532945	0.0010644466792508744	-0.006106566228607724	-0.0015518572146185905	0.0006663531128348263	0.0011172850836683734	-8.881784197001252e-16	4.440892098500626e-16	0.0
PR4_TO_FULL_FIXED	PRECISION_MEAN_POOL	0.3	SPT_PR4	ENDPOINT_A	CLASS.3.txt	-0.017138053154709842	-0.021451460540374168	-0.0062415268719152595	-0.0006933945433434952	-0.000827494066961601	0.003862369901605822	-4.440892098500626e-16	0.0	0.0
PR4_TO_FULL_FIXED	PRECISION_MEAN_POOL	0.3	SPT_PR4	ENDPOINT_A	CLASS.4.txt	0.021358298381869645	0.01168473821538596	-0.004899605629422932	0.0025021984500671612	-0.005267380620467325	0.0018705103693986147	0.0	0.0	0.0
PR4_TO_FULL_FIXED	PRECISION_MEAN_POOL	0.3	SPT_PR4	ENDPOINT_A	CLASS.5.txt	-0.002862745351109419	0.01039680731307957	0.010811595006588681	0.000474832118006252	-0.00033300865727857107	-0.007099335483226055	4.440892098500626e-16	-4.440892098500626e-16	0.0
PR4_TO_FULL_FIXED	PRECISION_MEAN_POOL	0.3	SPT_PR4	ENDPOINT_A	CLASS.6.txt	-0.0023770200176098655	0.0057728450658622865	0.006540514912628637	-0.0026028474756716324	0.003250065421695078	0.0011763665903641307	8.881784197001252e-16	0.0	0.0
PR4_TO_FULL_FIXED	PRECISION_MEAN_POOL	0.3	FULL_FIXED	ENDPOINT_B	CLASS.1.txt	-0.016716881022204255	-0.026096173279501755	-0.010459100144958877	-0.0013560055575243535	0.001347861998955889	-0.0030413601250258715	8.881784197001252e-16	0.0	0.0
PR4_TO_FULL_FIXED	PRECISION_MEAN_POOL	0.3	FULL_FIXED	ENDPOINT_B	CLASS.2.txt	-0.0017648330489870023	-0.010187543491969375	-0.007353090497434711	-0.0006519786380049242	0.0011681713123727691	-0.003162283671059307	8.881784197001252e-16	0.0	0.0
PR4_TO_FULL_FIXED	PRECISION_MEAN_POOL	0.3	FULL_FIXED	ENDPOINT_B	CLASS.3.txt	0.00930372958695469	0.01962196872024813	0.010082061844999157	-0.0015696342806578167	0.0035796288838781144	-0.00039207987382883225	-8.881784197001252e-16	0.0	0.0
PR4_TO_FULL_FIXED	PRECISION_MEAN_POOL	0.3	FULL_FIXED	ENDPOINT_B	CLASS.4.txt	-0.004833596832806819	0.0018188227904571974	0.004907623930668792	-5.970683655864839e-05	0.0009555488535116091	0.005078526598346567	4.440892098500626e-16	0.0	0.0
PR4_TO_FULL_FIXED	PRECISION_MEAN_POOL	0.3	FULL_FIXED	ENDPOINT_B	CLASS.5.txt	0.004158761672054867	0.0149381940033666	0.009725981165695896	-0.0002836907198433547	-4.005750701163366e-05	0.0012509936031195323	2.220446049250313e-15	4.440892098500626e-16	0.0
PR4_TO_FULL_FIXED	PRECISION_MEAN_POOL	0.3	FULL_FIXED	ENDPOINT_B	CLASS.6.txt	0.002833168607319969	0.0034266071153314925	0.0009232161504065806	0.001698913662570245	-0.0027395839118164386	-0.004147127448036525	1.3322676295501878e-15	0.0	0.0
PR4_TO_FULL_FIXED	PRECISION_MEAN_POOL	0.3	FULL_FIXED	ENDPOINT_B	CLASS.7.txt	-0.009185133749351149	-0.005374453232630527	0.00184931242053743	-0.0006277176911366755	0.000267002492372978	0.001108406431093556	4.440892098500626e-16	-4.440892098500626e-16	0.0
PR4_TO_FULL_FIXED	PRECISION_MEAN_POOL	0.3	FULL_FIXED	ENDPOINT_B	CLASS.8.txt	0.0194977683081774	0.003785461853851313	-0.010191862566559684	0.0018012169846568504	-0.0048965010628689125	0.003933661653634346	4.440892098500626e-16	0.0	0.0
PR4_TO_FULL_FIXED	ARITHMETIC_COVARIANCE_POOL	0.5	SPT_PR4	ENDPOINT_A	CLASS.1.txt	-0.014632598083757387	-0.0070876766038039385	0.004362479876572567	0.0001406952561310293	0.0011062286967848042	-0.006839865076607721	0.0	0.0	0.0
PR4_TO_FULL_FIXED	ARITHMETIC_COVARIANCE_POOL	0.5	SPT_PR4	ENDPOINT_A	CLASS.2.txt	0.014445516646826917	0.0011043406056234772	-0.009294267926494237	-0.0028913664391608807	0.000653162530511231	0.004943189934959791	2.220446049250313e-15	0.0	0.0
PR4_TO_FULL_FIXED	ARITHMETIC_COVARIANCE_POOL	0.5	SPT_PR4	ENDPOINT_A	CLASS.3.txt	-0.02474285910945362	-0.025868049867518117	-0.004835422226236119	-0.0017729577087228776	0.00033148853198825684	0.004163761355792828	4.440892098500626e-16	0.0	0.0
PR4_TO_FULL_FIXED	ARITHMETIC_COVARIANCE_POOL	0.5	SPT_PR4	ENDPOINT_A	CLASS.4.txt	0.01109597863894951	-0.004867016143276448	-0.012069719093232067	0.004010375471371286	-0.0036582772875440664	0.006346180044430272	-4.440892098500626e-16	0.0	0.0
PR4_TO_FULL_FIXED	ARITHMETIC_COVARIANCE_POOL	0.5	SPT_PR4	ENDPOINT_A	CLASS.5.txt	-0.0031233473890011076	0.012536955937541006	0.013241957528809523	0.00015269807548334846	0.0007663184535358983	-0.008269209691515123	4.440892098500626e-16	0.0	0.0
PR4_TO_FULL_FIXED	ARITHMETIC_COVARIANCE_POOL	0.5	SPT_PR4	ENDPOINT_A	CLASS.6.txt	0.021408643101991753	0.028318159175103164	0.00923220922235235	-0.001817482289286465	-0.000457768651642515	0.0005711122324074114	-4.440892098500626e-16	0.0	0.0
PR4_TO_FULL_FIXED	ARITHMETIC_COVARIANCE_POOL	0.5	FULL_FIXED	ENDPOINT_B	CLASS.1.txt	-0.016953327836661813	-0.02328699274713175	-0.008167985938674072	-0.0015720945916462004	-0.0002690123319261245	-0.003351943637899313	-8.881784197001252e-16	0.0	0.0
PR4_TO_FULL_FIXED	ARITHMETIC_COVARIANCE_POOL	0.5	FULL_FIXED	ENDPOINT_B	CLASS.2.txt	-0.004371849462135202	-0.01065166206831969	-0.006139923691992899	-0.00013875552619158071	-0.0005215732292199876	-0.0017493421023008493	4.440892098500626e-16	-4.440892098500626e-16	0.0
PR4_TO_FULL_FIXED	ARITHMETIC_COVARIANCE_POOL	0.5	FULL_FIXED	ENDPOINT_B	CLASS.3.txt	0.022158737603550804	0.029733401121471825	0.009919762546087396	-0.002844822517751311	0.00403942179977311	-0.00016067978513426007	-4.440892098500626e-16	0.0	0.0
PR4_TO_FULL_FIXED	ARITHMETIC_COVARIANCE_POOL	0.5	FULL_FIXED	ENDPOINT_B	CLASS.4.txt	0.0090169116521297	0.015415062952456537	0.0069409361630644595	0.0006582531821314186	0.0010024278035344752	0.002123206191088578	0.0	0.0	0.0
PR4_TO_FULL_FIXED	ARITHMETIC_COVARIANCE_POOL	0.5	FULL_FIXED	ENDPOINT_B	CLASS.5.txt	0.0035812012960803052	0.012859122597858708	0.008639798597572135	-0.0013097599361050483	0.0015107430454498055	0.0029682050003109195	-1.3322676295501878e-15	0.0	0.0
PR4_TO_FULL_FIXED	ARITHMETIC_COVARIANCE_POOL	0.5	FULL_FIXED	ENDPOINT_B	CLASS.6.txt	-0.015102814164309475	-0.015454860038477847	-0.0026451695540627984	0.002054892001514097	-0.001301202608008499	-0.005442958087748723	-8.881784197001252e-16	4.440892098500626e-16	0.0
PR4_TO_FULL_FIXED	ARITHMETIC_COVARIANCE_POOL	0.5	FULL_FIXED	ENDPOINT_B	CLASS.7.txt	-0.01731749462584098	-0.013696250622997841	0.0004975023782018972	-0.0003089590867972891	8.419443653264608e-05	0.004559274739893593	8.881784197001252e-16	0.0	0.0
PR4_TO_FULL_FIXED	ARITHMETIC_COVARIANCE_POOL	0.5	FULL_FIXED	ENDPOINT_B	CLASS.8.txt	0.02132151964913298	0.00664248882274987	-0.009367660919924803	0.002533747854512769	-0.004682287508100198	0.0016021631945617454	0.0	0.0	0.0
PR4_TO_FULL_FIXED	PRECISION_MEAN_POOL	0.5	SPT_PR4	ENDPOINT_A	CLASS.1.txt	-0.012384053617818136	-0.005305425485209181	0.004285450086833231	0.00042908203228098074	0.0009953620949632314	-0.005523253106252901	-8.881784197001252e-16	0.0	0.0
PR4_TO_FULL_FIXED	PRECISION_MEAN_POOL	0.5	SPT_PR4	ENDPOINT_A	CLASS.2.txt	0.01157769802957076	-0.0022473537219882544	-0.01001904598459269	-0.0027592630391231054	0.0010865002641672755	0.004507987413017112	-2.220446049250313e-15	0.0	0.0
PR4_TO_FULL_FIXED	PRECISION_MEAN_POOL	0.5	SPT_PR4	ENDPOINT_A	CLASS.3.txt	-0.024803127420669924	-0.025837228298307924	-0.004494140130736124	-0.0019382753041975453	0.0010227724208723213	0.003996284465681288	0.0	0.0	0.0
PR4_TO_FULL_FIXED	PRECISION_MEAN_POOL	0.5	SPT_PR4	ENDPOINT_A	CLASS.4.txt	0.015216673500996425	0.0006398979657240567	-0.010116482037707986	0.003350188077117733	-0.0037403135692324167	0.0038300976820148658	-8.881784197001252e-16	0.0	0.0
PR4_TO_FULL_FIXED	PRECISION_MEAN_POOL	0.5	SPT_PR4	ENDPOINT_A	CLASS.5.txt	-0.005614291146494033	0.009502024365276807	0.012159941719524725	0.00021108052797846888	0.00019651221847295092	-0.007689563257082199	1.3322676295501878e-15	0.0	0.0
PR4_TO_FULL_FIXED	PRECISION_MEAN_POOL	0.5	SPT_PR4	ENDPOINT_A	CLASS.6.txt	0.0205435837139456	0.027273753179363425	0.008621460936798608	-0.0010775065866228672	-0.00033114486224819495	0.0016018689424932009	0.0	-4.440892098500626e-16	0.0
PR4_TO_FULL_FIXED	PRECISION_MEAN_POOL	0.5	FULL_FIXED	ENDPOINT_B	CLASS.1.txt	-0.02226185164047867	-0.02876560241177284	-0.008811728169092925	-0.0023081346295265037	0.0005531274268887193	-0.004789674563977386	8.881784197001252e-16	0.0	0.0
PR4_TO_FULL_FIXED	PRECISION_MEAN_POOL	0.5	FULL_FIXED	ENDPOINT_B	CLASS.2.txt	-0.0060333477048954975	-0.012607654468830498	-0.006472701496695654	0.00016275622672290435	-0.0009167680510568099	-0.00039968131789575034	0.0	0.0	0.0
PR4_TO_FULL_FIXED	PRECISION_MEAN_POOL	0.5	FULL_FIXED	ENDPOINT_B	CLASS.3.txt	0.028050297119920797	0.035215933596359994	0.010027146579633328	-0.0031929248668693955	0.00438662437111452	-0.0015470335811961222	4.440892098500626e-16	0.0	0.0
PR4_TO_FULL_FIXED	PRECISION_MEAN_POOL	0.5	FULL_FIXED	ENDPOINT_B	CLASS.4.txt	0.008926293003261199	0.015031048249470214	0.006468976162801066	0.0007698425660626063	0.0006860528190218429	0.0030414479449095144	-8.881784197001252e-16	0.0	0.0
PR4_TO_FULL_FIXED	PRECISION_MEAN_POOL	0.5	FULL_FIXED	ENDPOINT_B	CLASS.5.txt	0.005497095015935205	0.01540976515956527	0.009239753317527688	-0.0010163586987225193	0.0011202758616277522	0.004890948641437909	-8.881784197001252e-16	0.0	0.0
PR4_TO_FULL_FIXED	PRECISION_MEAN_POOL	0.5	FULL_FIXED	ENDPOINT_B	CLASS.6.txt	-0.016500117688467375	-0.016844864716544894	-0.002684239526437815	0.002343906668765383	-0.001788044391194371	-0.006143676328766334	4.440892098500626e-16	0.0	0.0
PR4_TO_FULL_FIXED	PRECISION_MEAN_POOL	0.5	FULL_FIXED	ENDPOINT_B	CLASS.7.txt	-0.015906360000478736	-0.011740152913675361	0.0012753407659493732	-0.00021383345717729263	-0.0005100843846533587	0.004311063785164215	0.0	-4.440892098500626e-16	0.0
PR4_TO_FULL_FIXED	PRECISION_MEAN_POOL	0.5	FULL_FIXED	ENDPOINT_B	CLASS.8.txt	0.022818816983216417	0.007845477287563574	-0.009337376184731405	0.0023739906774732367	-0.004063230217100092	0.0018052708822077213	0.0	0.0	0.0
ORIGINAL_TO_FIXED_RELEASE	ARITHMETIC_COVARIANCE_POOL	0.3	FULL_ORIGINAL	ENDPOINT_A	CLASS.1.txt	-0.016510077893594932	-0.015753382807717875	-0.002852096421932182	-0.0037266671012387564	-0.009844694263718978	-0.0035500284335905907	0.0	0.0	0.0
ORIGINAL_TO_FIXED_RELEASE	ARITHMETIC_COVARIANCE_POOL	0.3	FULL_ORIGINAL	ENDPOINT_A	CLASS.2.txt	-0.0016783224197601254	-0.0023472359248454255	-0.003831426997998766	-0.015125875632877372	-0.014326485715414797	0.0006964429136147587	1.6653345369377348e-16	0.0	0.0
ORIGINAL_TO_FIXED_RELEASE	ARITHMETIC_COVARIANCE_POOL	0.3	FULL_ORIGINAL	ENDPOINT_A	CLASS.3.txt	0.00921998370216004	0.007177296503264541	-0.006012318623459523	0.03495148364095729	0.011716979993536283	0.0034229352325010898	-1.1102230246251565e-16	0.0	0.0
ORIGINAL_TO_FIXED_RELEASE	ARITHMETIC_COVARIANCE_POOL	0.3	FULL_ORIGINAL	ENDPOINT_A	CLASS.4.txt	-0.011094745187834099	-0.011679168863811318	-0.007217581823725783	0.01578690030341673	0.002675043485187961	0.0032149019390621536	-5.551115123125783e-17	-1.3877787807814457e-17	0.0
ORIGINAL_TO_FIXED_RELEASE	ARITHMETIC_COVARIANCE_POOL	0.3	FULL_ORIGINAL	ENDPOINT_A	CLASS.5.txt	0.007602985419547681	0.010785637087432798	0.017770159160394705	0.007231568151908563	0.0011808056621680635	0.0007119909797704826	-5.551115123125783e-17	0.0	0.0
ORIGINAL_TO_FIXED_RELEASE	ARITHMETIC_COVARIANCE_POOL	0.3	FULL_ORIGINAL	ENDPOINT_A	CLASS.6.txt	0.023382715687911837	0.022001172827022908	0.0022640095234511826	0.009096207603486894	-0.014914747789085178	-0.0027551207144767	-1.6653345369377348e-16	0.0	0.0
ORIGINAL_TO_FIXED_RELEASE	ARITHMETIC_COVARIANCE_POOL	0.3	FULL_ORIGINAL	ENDPOINT_A	CLASS.7.txt	-0.0010673410974462727	-0.0021244169802021595	-0.005434362241418689	-0.021986247768562284	0.0025516816247735247	-0.0013941435496503396	0.0	0.0	0.0
ORIGINAL_TO_FIXED_RELEASE	ARITHMETIC_COVARIANCE_POOL	0.3	FULL_ORIGINAL	ENDPOINT_A	CLASS.8.txt	-0.005775324805313897	-0.004718454600628974	0.00285030250346352	-0.025274367770347084	0.019028554008107143	-0.0002570470299635974	-2.7755575615628914e-17	0.0	0.0
ORIGINAL_TO_FIXED_RELEASE	ARITHMETIC_COVARIANCE_POOL	0.3	FULL_FIXED	ENDPOINT_B	CLASS.1.txt	0.021463961465631176	0.01916324469245967	-0.0025566763356524858	0.011830542598342542	0.009283462646521773	-0.0022039708869209806	-1.1102230246251565e-16	0.0	0.0
ORIGINAL_TO_FIXED_RELEASE	ARITHMETIC_COVARIANCE_POOL	0.3	FULL_FIXED	ENDPOINT_B	CLASS.2.txt	0.009736477565384205	0.005569152470013827	-0.015590316495422085	0.029721835405820685	-0.007124426513258966	-0.004904888924718298	-8.326672684688674e-17	0.0	0.0
ORIGINAL_TO_FIXED_RELEASE	ARITHMETIC_COVARIANCE_POOL	0.3	FULL_FIXED	ENDPOINT_B	CLASS.3.txt	-0.015985491642092398	-0.011949517287801248	0.013654938063572875	-0.002434434574397737	-0.017226836258710826	-0.0003149399198578151	-8.326672684688674e-17	0.0	0.0
ORIGINAL_TO_FIXED_RELEASE	ARITHMETIC_COVARIANCE_POOL	0.3	FULL_FIXED	ENDPOINT_B	CLASS.4.txt	-0.02470884742719487	-0.022508017260229052	0.001050223182495591	0.01602350188334256	0.010185002683954628	0.006277664279598749	1.3877787807814457e-17	0.0	0.0
ORIGINAL_TO_FIXED_RELEASE	ARITHMETIC_COVARIANCE_POOL	0.3	FULL_FIXED	ENDPOINT_B	CLASS.5.txt	-0.011083985679220476	-0.007308958301319446	0.014139432689783238	-0.024585543353372485	-0.020986197879739835	0.0002931857008685035	4.163336342344337e-17	0.0	0.0
ORIGINAL_TO_FIXED_RELEASE	ARITHMETIC_COVARIANCE_POOL	0.3	FULL_FIXED	ENDPOINT_B	CLASS.6.txt	-0.0011240103223579267	0.0001762410968743633	0.005769695335118952	0.020844858397646215	0.010384737221067461	-0.004058252038116772	2.7755575615628914e-17	0.0	0.0
ORIGINAL_TO_FIXED_RELEASE	ARITHMETIC_COVARIANCE_POOL	0.3	FULL_FIXED	ENDPOINT_B	CLASS.7.txt	-0.006418775609579042	-0.005113660327076719	0.0038048777843633363	-0.00277578410249657	0.0065101856488916365	0.0015871334936336523	8.326672684688674e-17	0.0	0.0
ORIGINAL_TO_FIXED_RELEASE	ARITHMETIC_COVARIANCE_POOL	0.3	FULL_FIXED	ENDPOINT_B	CLASS.8.txt	0.03396361357216782	0.026058913314942145	-0.02239241507057177	-0.04006448657583345	0.003374879311187462	0.004010041017806998	1.942890293094024e-16	0.0	0.0
ORIGINAL_TO_FIXED_RELEASE	PRECISION_MEAN_POOL	0.3	FULL_ORIGINAL	ENDPOINT_A	CLASS.1.txt	-0.01636158352542305	-0.015696454234237656	-0.002853720761436307	-0.00325335750607475	-0.011114680921709155	-0.005370199197435144	-9.71445146547012e-17	0.0	0.0
ORIGINAL_TO_FIXED_RELEASE	PRECISION_MEAN_POOL	0.3	FULL_ORIGINAL	ENDPOINT_A	CLASS.2.txt	-0.0017483841555994695	-0.002437383068257082	-0.0038326890449355	-0.013291488752105063	-0.015660267091242144	-0.0007314291156947372	2.220446049250313e-16	0.0	0.0
ORIGINAL_TO_FIXED_RELEASE	PRECISION_MEAN_POOL	0.3	FULL_ORIGINAL	ENDPOINT_A	CLASS.3.txt	0.009577234375372057	0.00755663805142337	-0.005817375327218266	0.03103055256631926	0.013281102505220188	0.004420615364296887	1.1102230246251565e-16	0.0	0.0
ORIGINAL_TO_FIXED_RELEASE	PRECISION_MEAN_POOL	0.3	FULL_ORIGINAL	ENDPOINT_A	CLASS.4.txt	-0.012161490673501862	-0.012734183518796793	-0.007193031975422204	0.01606581621967773	0.0034820952654859016	0.004293937082991028	1.3877787807814457e-16	0.0	0.0
ORIGINAL_TO_FIXED_RELEASE	PRECISION_MEAN_POOL	0.3	FULL_ORIGINAL	ENDPOINT_A	CLASS.5.txt	0.0065127056805437955	0.009566355890613387	0.016302420967997278	0.009488247594932553	0.002242482111232652	0.0012998670154542036	-2.498001805406602e-16	0.0	0.0
ORIGINAL_TO_FIXED_RELEASE	PRECISION_MEAN_POOL	0.3	FULL_ORIGINAL	ENDPOINT_A	CLASS.6.txt	0.02351978569821278	0.022106069137780626	0.0017128108201180936	0.009619128186348525	-0.013644799892555584	-0.0035133607714114556	-5.551115123125783e-17	0.0	0.0
ORIGINAL_TO_FIXED_RELEASE	PRECISION_MEAN_POOL	0.3	FULL_ORIGINAL	ENDPOINT_A	CLASS.7.txt	0.0001805116517742955	-0.0007340198337409398	-0.004173043893141881	-0.022882968485585742	0.00099580808663427	-0.0010887815372779275	1.6653345369377348e-16	0.0	0.0
ORIGINAL_TO_FIXED_RELEASE	PRECISION_MEAN_POOL	0.3	FULL_ORIGINAL	ENDPOINT_A	CLASS.8.txt	-0.005234000858004184	-0.004111854255409719	0.0033922575930911414	-0.025278143034313083	0.017966373361211513	0.0007217710107717545	1.942890293094024e-16	0.0	0.0
ORIGINAL_TO_FIXED_RELEASE	PRECISION_MEAN_POOL	0.3	FULL_FIXED	ENDPOINT_B	CLASS.1.txt	0.022593761068595508	0.020256174776013547	-0.00265148250650582	0.010494525152718814	0.008459693102338212	-0.0015985543484750564	1.3877787807814457e-16	0.0	0.0
ORIGINAL_TO_FIXED_RELEASE	PRECISION_MEAN_POOL	0.3	FULL_FIXED	ENDPOINT_B	CLASS.2.txt	0.008192764370049233	0.004048898851621241	-0.015910510971868574	0.03130336160667474	-0.00530903641115113	-0.0017909905997148812	1.6653345369377348e-16	0.0	0.0
ORIGINAL_TO_FIXED_RELEASE	PRECISION_MEAN_POOL	0.3	FULL_FIXED	ENDPOINT_B	CLASS.3.txt	-0.016191655661854487	-0.01235127069536407	0.012616018101428983	-0.002565695972689075	-0.01626292041058386	-0.00036790871082759136	-5.551115123125783e-17	0.0	0.0
ORIGINAL_TO_FIXED_RELEASE	PRECISION_MEAN_POOL	0.3	FULL_FIXED	ENDPOINT_B	CLASS.4.txt	-0.02520403067633259	-0.023018383520879482	0.001249262118371508	0.014509691831358418	0.0099921361994747	0.00323126042213423	5.551115123125783e-17	-1.3877787807814457e-17	0.0
ORIGINAL_TO_FIXED_RELEASE	PRECISION_MEAN_POOL	0.3	FULL_FIXED	ENDPOINT_B	CLASS.5.txt	-0.010967458655974816	-0.0073533899043614626	0.013284007250774499	-0.023872563883182707	-0.020103359275196533	0.0009159023813234413	5.551115123125783e-17	0.0	0.0
ORIGINAL_TO_FIXED_RELEASE	PRECISION_MEAN_POOL	0.3	FULL_FIXED	ENDPOINT_B	CLASS.6.txt	-0.001865643517718063	-0.0005944155720673527	0.00526827333886537	0.019959805193203284	0.012235265925518962	-0.003591203969707746	-1.6653345369377348e-16	0.0	0.0
ORIGINAL_TO_FIXED_RELEASE	PRECISION_MEAN_POOL	0.3	FULL_FIXED	ENDPOINT_B	CLASS.7.txt	-0.0063683994177610725	-0.005078044741280263	0.0037857813760243664	-0.0024801205749017674	0.006060669843564764	0.0002212369213006049	1.942890293094024e-16	0.0	0.0
ORIGINAL_TO_FIXED_RELEASE	PRECISION_MEAN_POOL	0.3	FULL_FIXED	ENDPOINT_B	CLASS.8.txt	0.03575645769466507	0.028212610770580238	-0.020320173406612185	-0.037995076308998676	-0.0007213021934193986	0.003345616371856097	5.551115123125783e-17	0.0	0.0
ORIGINAL_TO_FIXED_RELEASE	ARITHMETIC_COVARIANCE_POOL	0.5	FULL_ORIGINAL	ENDPOINT_A	CLASS.1.txt	-0.007626114656808458	-0.009158185007416275	-0.009918908784625535	-0.007646880614063822	-0.006329319433509548	-0.0016539106225923472	-1.1102230246251565e-16	0.0	0.0
ORIGINAL_TO_FIXED_RELEASE	ARITHMETIC_COVARIANCE_POOL	0.5	FULL_ORIGINAL	ENDPOINT_A	CLASS.2.txt	-0.015582554448970054	-0.014923888405617591	-0.0028569717246271775	-0.007258541160793941	-0.01104401880212555	0.0013855769291332143	-8.326672684688674e-17	0.0	0.0
ORIGINAL_TO_FIXED_RELEASE	ARITHMETIC_COVARIANCE_POOL	0.5	FULL_ORIGINAL	ENDPOINT_A	CLASS.3.txt	0.013933526127840767	0.01416521498342016	0.005987443194537145	0.032960935635775124	0.009872079431810163	0.002982253538017232	-1.942890293094024e-16	0.0	0.0
ORIGINAL_TO_FIXED_RELEASE	ARITHMETIC_COVARIANCE_POOL	0.5	FULL_ORIGINAL	ENDPOINT_A	CLASS.4.txt	-0.009661858818333868	-0.011237805772822407	-0.010935780384027094	0.008224125136725102	0.0005828172945130661	0.003962263256106491	-1.942890293094024e-16	0.0	0.0
ORIGINAL_TO_FIXED_RELEASE	ARITHMETIC_COVARIANCE_POOL	0.5	FULL_ORIGINAL	ENDPOINT_A	CLASS.5.txt	0.013988767201007946	0.01764487885810556	0.02114761322737868	0.02339859807134903	-0.002929027013663571	0.0010419350432477326	2.498001805406602e-16	0.0	0.0
ORIGINAL_TO_FIXED_RELEASE	ARITHMETIC_COVARIANCE_POOL	0.5	FULL_ORIGINAL	ENDPOINT_A	CLASS.6.txt	0.012069140518092991	0.012519438833287433	0.00631197143789286	0.004617022626943634	-0.009369852979144902	-0.005684564501196365	5.551115123125783e-17	0.0	0.0
ORIGINAL_TO_FIXED_RELEASE	ARITHMETIC_COVARIANCE_POOL	0.5	FULL_ORIGINAL	ENDPOINT_A	CLASS.7.txt	-0.0019515554387654621	-0.004714209703123473	-0.01326719751447114	-0.016391064003187905	-8.272383124123539e-05	-0.001972075020911901	2.7755575615628914e-17	0.0	0.0
ORIGINAL_TO_FIXED_RELEASE	ARITHMETIC_COVARIANCE_POOL	0.5	FULL_ORIGINAL	ENDPOINT_A	CLASS.8.txt	-0.0013746587711601643	-0.001579759945994852	-0.0014412510290192637	-0.038400831334090446	0.01666407198980678	7.909623277074784e-05	-2.7755575615628914e-17	0.0	0.0
ORIGINAL_TO_FIXED_RELEASE	ARITHMETIC_COVARIANCE_POOL	0.5	FULL_FIXED	ENDPOINT_B	CLASS.1.txt	0.02234837996961392	0.019995070078381583	-0.002319637445857614	-0.0033646903999158817	0.0010642907762921788	-0.004004535918933794	2.7755575615628914e-17	0.0	0.0
ORIGINAL_TO_FIXED_RELEASE	ARITHMETIC_COVARIANCE_POOL	0.5	FULL_FIXED	ENDPOINT_B	CLASS.2.txt	0.012266967025419406	0.011181240060891329	-0.00039752530361092386	0.027257637187523664	-0.006604594629552263	-0.0026997747305456676	0.0	0.0	0.0
ORIGINAL_TO_FIXED_RELEASE	ARITHMETIC_COVARIANCE_POOL	0.5	FULL_FIXED	ENDPOINT_B	CLASS.3.txt	-0.015091675656733305	-0.012837000361480388	0.004861972409939019	0.008261856888444774	-0.017248560671410965	-0.00014307218322739956	-2.498001805406602e-16	0.0	0.0
ORIGINAL_TO_FIXED_RELEASE	ARITHMETIC_COVARIANCE_POOL	0.5	FULL_FIXED	ENDPOINT_B	CLASS.4.txt	-0.02878015108581633	-0.028947850116779084	-0.012184289785832303	-0.015190006981179283	0.002305887114535332	0.0027227792388312966	5.551115123125783e-17	0.0	0.0
ORIGINAL_TO_FIXED_RELEASE	ARITHMETIC_COVARIANCE_POOL	0.5	FULL_FIXED	ENDPOINT_B	CLASS.5.txt	-0.006591668283793428	-0.002752759954208983	0.015310341935751093	-0.009999925993550707	-0.01838935250025435	0.003898099591947868	-1.6653345369377348e-16	0.0	0.0
ORIGINAL_TO_FIXED_RELEASE	ARITHMETIC_COVARIANCE_POOL	0.5	FULL_FIXED	ENDPOINT_B	CLASS.6.txt	-1.1084347708745224e-05	0.001862372889884445	0.008519244670958215	0.03978705514081171	0.016947675474267745	-0.00606852168155303	-1.942890293094024e-16	0.0	0.0
ORIGINAL_TO_FIXED_RELEASE	ARITHMETIC_COVARIANCE_POOL	0.5	FULL_FIXED	ENDPOINT_B	CLASS.7.txt	-0.008396418156639052	-0.005896788827214727	0.00844695613824853	0.0006721119200552295	0.01590673956927273	0.005132740826663096	1.3877787807814457e-16	0.0	0.0
ORIGINAL_TO_FIXED_RELEASE	ARITHMETIC_COVARIANCE_POOL	0.5	FULL_FIXED	ENDPOINT_B	CLASS.8.txt	0.030276552900595	0.022633431472034282	-0.021755642438209488	-0.039595961027180215	0.0020423948699612587	0.0021028389531654312	-5.551115123125783e-17	0.0	0.0
ORIGINAL_TO_FIXED_RELEASE	PRECISION_MEAN_POOL	0.5	FULL_ORIGINAL	ENDPOINT_A	CLASS.1.txt	-0.007550548216546771	-0.009095627372589454	-0.00956701986195485	-0.006349066260876057	-0.006696015334898331	-0.001794458663995968	1.6653345369377348e-16	0.0	0.0
ORIGINAL_TO_FIXED_RELEASE	PRECISION_MEAN_POOL	0.5	FULL_ORIGINAL	ENDPOINT_A	CLASS.2.txt	-0.016947583827658097	-0.016363740812138705	-0.0033342152905266875	-0.004304618558248041	-0.011983544338228527	0.0008989991888739834	2.7755575615628914e-17	0.0	0.0
ORIGINAL_TO_FIXED_RELEASE	PRECISION_MEAN_POOL	0.5	FULL_ORIGINAL	ENDPOINT_A	CLASS.3.txt	0.01502422702087769	0.015154499545302957	0.005517607193413876	0.028774438116709766	0.011459769854841928	0.002881794167807983	-5.551115123125783e-17	0.0	0.0
ORIGINAL_TO_FIXED_RELEASE	PRECISION_MEAN_POOL	0.5	FULL_ORIGINAL	ENDPOINT_A	CLASS.4.txt	-0.010679666560523438	-0.012186309111336557	-0.01055696652676863	0.00820676954453059	0.001888653745955482	0.004677179810414267	-1.1102230246251565e-16	0.0	0.0
ORIGINAL_TO_FIXED_RELEASE	PRECISION_MEAN_POOL	0.5	FULL_ORIGINAL	ENDPOINT_A	CLASS.5.txt	0.012848728390632114	0.016312461811135603	0.01924324600616123	0.025347642954904437	-0.0023050937106395275	0.0005428422629152885	1.1102230246251565e-16	0.0	0.0
ORIGINAL_TO_FIXED_RELEASE	PRECISION_MEAN_POOL	0.5	FULL_ORIGINAL	ENDPOINT_A	CLASS.6.txt	0.012882928076623168	0.013331202801756092	0.00620409213915607	0.0037761048809789033	-0.009096292802448641	-0.0065351609552449785	5.551115123125783e-17	0.0	0.0
ORIGINAL_TO_FIXED_RELEASE	PRECISION_MEAN_POOL	0.5	FULL_ORIGINAL	ENDPOINT_A	CLASS.7.txt	-0.0008358197788165822	-0.003421457552898355	-0.011718140509080932	-0.01706290908140734	-0.002045343053910742	-0.002763154334074147	-2.7755575615628914e-17	0.0	0.0
ORIGINAL_TO_FIXED_RELEASE	PRECISION_MEAN_POOL	0.5	FULL_ORIGINAL	ENDPOINT_A	CLASS.8.txt	-0.0005993456739674108	-0.0006683825468429827	-0.00051102879224596	-0.03810014672621359	0.015439341368053527	0.00216496773391861	1.1102230246251565e-16	0.0	0.0
ORIGINAL_TO_FIXED_RELEASE	PRECISION_MEAN_POOL	0.5	FULL_FIXED	ENDPOINT_B	CLASS.1.txt	0.024035906005976937	0.021652866567021423	-0.002215655520149573	-0.0049900186511763756	0.001391837590278916	-0.003033008181065333	1.1102230246251565e-16	0.0	0.0
ORIGINAL_TO_FIXED_RELEASE	PRECISION_MEAN_POOL	0.5	FULL_FIXED	ENDPOINT_B	CLASS.2.txt	0.011370057274654788	0.010279584603338332	-0.0009208803009950195	0.02772956446607233	-0.005282480197194461	0.00024075920696386977	-1.6653345369377348e-16	0.0	0.0
ORIGINAL_TO_FIXED_RELEASE	PRECISION_MEAN_POOL	0.5	FULL_FIXED	ENDPOINT_B	CLASS.3.txt	-0.016177943872747236	-0.014143001938045852	0.0036314493832432237	0.009627443121507817	-0.0166424575784392	-0.0012174334049629976	-2.498001805406602e-16	0.0	0.0
ORIGINAL_TO_FIXED_RELEASE	PRECISION_MEAN_POOL	0.5	FULL_FIXED	ENDPOINT_B	CLASS.4.txt	-0.02848852923023726	-0.028576439369066564	-0.010824987875768688	-0.017032757311398805	0.001735690513440108	0.0020431639515905986	1.1102230246251565e-16	0.0	0.0
ORIGINAL_TO_FIXED_RELEASE	PRECISION_MEAN_POOL	0.5	FULL_FIXED	ENDPOINT_B	CLASS.5.txt	-0.00837555783742222	-0.0047300067652162325	0.013609533041706867	-0.005296515678959501	-0.01789176531692177	0.0032924996627844982	-1.3877787807814457e-16	0.0	0.0
ORIGINAL_TO_FIXED_RELEASE	PRECISION_MEAN_POOL	0.5	FULL_FIXED	ENDPOINT_B	CLASS.6.txt	-0.0008558076160267714	0.0009715448922388847	0.007833633310604604	0.03694947332662657	0.020250546519094248	-0.00510800743474954	-1.6653345369377348e-16	0.0	0.0
ORIGINAL_TO_FIXED_RELEASE	PRECISION_MEAN_POOL	0.5	FULL_FIXED	ENDPOINT_B	CLASS.7.txt	-0.007778558187882978	-0.005281436519759375	0.008582874065709123	0.00035220265232377423	0.013578178340240471	0.0029869122892731137	-1.1102230246251565e-16	0.0	0.0
ORIGINAL_TO_FIXED_RELEASE	PRECISION_MEAN_POOL	0.5	FULL_FIXED	ENDPOINT_B	CLASS.8.txt	0.03242120247229163	0.02515686027419689	-0.0194619912615398	-0.038557363875386	-0.0016429681748718339	0.001415149945348193	1.3877787807814457e-16	0.0	0.0
