cluster	audited_object	established	boundary	reentry	claim_id
Local ladder / BBC	Released corrected vector and structural decompositions	A recorded fixed-effect slope was algebraically localized to the explicit BBC term plus a near-zero bias-removed proxy	No truth-level closure, BBC overcorrection, or causal defect	Matched truth, fit, pre/post vectors, covariance, and run manifest	P-FS-002
BAO-BBN bridge	Frozen H0*r_d contract	Approximate -6.8% local-H0 sound-horizon budget	Contract-dependent budget, not new physics	Matched early-model likelihood or profile products	P-FS-003
CMB-DESI geometry	Released constraints and response directions	Near-common Omega_m-h*r_d direction described	Shared-source geometry is not an independent causal explanation	Joint simulations, cross-CMB covariance, full posteriors	P-FS-004
DESI influence atlas	Same released vector under mode decompositions	MIDZ_COMMON_ISO was a high-leverage released-vector mode; LRG1_DM provided a counter-anchor	Multiple bases are not multiple observations or raw-pipeline tests	Aligned raw variants and joint/cross-fit covariance	P-FS-005
ACT variants	Official public chains	Tested centers were stable within a correlated-source variant set	Not a complete component-likelihood audit	New independent product or exact component likelihood	P-FS-006
TDCOSMO	Public chain products	Alternate implementation recovered 13/13 structures, 39/39 quantiles within tolerance, and 12/12 Table 6 rows at published precision	Output-level traceability only; not likelihood, sampler, or astrophysical-model reproduction	Original likelihood, sampler configuration, diagnostics, and portable environment	P-FS-008
Local flow / MCP-CF4	Public route interface	Single-galaxy dominance was rejected within the frozen tests; dependencies were mapped	Joint-flow inference remains open	Distance samples, joint covariance, zero-point cross-covariance, likelihood	P-FS-009
H0DN network	Public data, design, covariance, and code contract	Baseline and frozen-representation solver behavior were recovered	Correlated peculiar-velocity and covariance generation remain incomplete	Official source matrix/removal vector or author package	P-FS-010
Cross-route synthesis	Non-ladder routes	Shared assumptions and data were mapped	No naive averaging of dependent branches	Compatible likelihood contracts and cross-route covariance	P-FS-011
