STAGE	EXPECTED_CLASSIFICATION	OBSERVED_CLASSIFICATION	SOURCE_FILE	STATUS
HTS59	PASS_TN2D_SUFFICIENCY_AND_CONDITIONAL_4D_RESIDUAL_AUDIT	PASS_TN2D_SUFFICIENCY_AND_CONDITIONAL_4D_RESIDUAL_AUDIT	HTS59_CLASSIFICATION.tsv	PASS
HTS60	PASS_CONDITIONAL_4D_EIGENMODE_LOCALIZATION_AUDIT	PASS_CONDITIONAL_4D_EIGENMODE_LOCALIZATION_AUDIT	HTS60_CLASSIFICATION.tsv	PASS
HTS61	PASS_CONDITIONAL_EIGENMODE_IDENTIFIABILITY_AND_SUBSPACE_STABILITY_AUDIT	PASS_CONDITIONAL_EIGENMODE_IDENTIFIABILITY_AND_SUBSPACE_STABILITY_AUDIT	HTS61_CLASSIFICATION.tsv	PASS
HTS62	PASS_FIXED_BLOCK_SHAPLEY_AND_ORDER_SENSITIVITY_AUDIT	PASS_FIXED_BLOCK_SHAPLEY_AND_ORDER_SENSITIVITY_AUDIT	HTS62_CLASSIFICATION.tsv	PASS
HTS63	PASS_EXACT_VARIABLE_SHAPLEY_AND_OWEN_COALITION_AUDIT	PASS_EXACT_VARIABLE_SHAPLEY_AND_OWEN_COALITION_AUDIT	HTS63_CLASSIFICATION.tsv	PASS
HTS64	PASS_WITHIN_BLOCK_REPARAMETERIZATION_INVARIANCE_AUDIT	PASS_WITHIN_BLOCK_REPARAMETERIZATION_INVARIANCE_AUDIT	HTS64_CLASSIFICATION.tsv	PASS
HTS65	PASS_EXHAUSTIVE_COALITION_PARTITION_SENSITIVITY_AUDIT	PASS_EXHAUSTIVE_COALITION_PARTITION_SENSITIVITY_AUDIT	HTS65_CLASSIFICATION.tsv	PASS
HTS66	PASS_ATTRIBUTION_INVARIANT_CORE_SYNTHESIS_AND_BRANCH_CLOSEOUT	PASS_ATTRIBUTION_INVARIANT_CORE_SYNTHESIS_AND_BRANCH_CLOSEOUT	HTS66_CLASSIFICATION.tsv	PASS
HTS67	HOLD_SYMMETRIC_POOLING_CONVENTION_SENSITIVITY	HOLD_SYMMETRIC_POOLING_CONVENTION_SENSITIVITY	HTS67_CLASSIFICATION.tsv	PASS
